﻿Year,Category,Value
2000,Municipal waste,39384.2
2001,Municipal waste,40768.2
2002,Municipal waste,42782.9
2003,Municipal waste,42918.1
2004,Municipal waste,41578.0
2005,Municipal waste,40566.5
2006,Municipal waste,40899.6
2007,Municipal waste,42570.8
2008,Municipal waste,42268.9
2009,Municipal waste,42085.8
2010,Municipal waste,40920.4
2011,Municipal waste,40941.7
2012,Municipal waste,41644.2
2013,Municipal waste,40542.7
2014,Municipal waste,42355.2
2015,Municipal waste,43411.2
2016,Municipal waste,45460.3
2017,Municipal waste,45008.9
2018,Municipal waste,46749.3
2000,Industrial municipal waste,7053.5
2001,Industrial municipal waste,7730.4
2002,Industrial municipal waste,7118.7
2003,Industrial municipal waste,7818.7
2004,Industrial municipal waste,8429.3
2005,Industrial municipal waste,7831.8
2006,Industrial municipal waste,7941.6
2007,Industrial municipal waste,7775.5
2008,Industrial municipal waste,9803.4
2009,Industrial municipal waste,8820.4
2010,Industrial municipal waste,8238.6
2011,Industrial municipal waste,7992.7
2012,Industrial municipal waste,7345.6
2013,Industrial municipal waste,8185.5
2014,Industrial municipal waste,7559.6
2015,Industrial municipal waste,7835.6
2016,Industrial municipal waste,8311.6
2017,Industrial municipal waste,8480.6
2018,Industrial municipal waste,9286.1
2005,Construction waste,129572.5
2006,Construction waste,168984.9
2007,Construction waste,172005.0
2008,Construction waste,176447.3
2009,Construction waste,183350.8
2010,Construction waste,178120.4
2011,Construction waste,186417.2
2012,Construction waste,186628.5
2013,Construction waste,183537.7
2014,Construction waste,185382.4
2015,Construction waste,198259.8
2016,Construction waste,199444.0
2017,Construction waste,196261.6
2018,Construction waste,206950.9
2006,Industrial emission facilities waste,101099.3
2007,Industrial emission facilities waste,114807.0
2008,Industrial emission facilities waste,130777.3
2009,Industrial emission facilities waste,123604.1
2010,Industrial emission facilities waste,137875.0
2011,Industrial emission facilities waste,137960.5
2012,Industrial emission facilities waste,146390.4
2013,Industrial emission facilities waste,148443.1
2014,Industrial emission facilities waste,153188.5
2015,Industrial emission facilities waste,155305.5
2016,Industrial emission facilities waste,162128.9
2017,Industrial emission facilities waste,164874.7
2018,Industrial emission facilities waste,167726.9
2019,Municipal waste,45912.1
2019,Industrial municipal waste,12049.3
2019,Construction waste,221101.9
2019,Industrial emission facilities waste,202619.0
