﻿Year,Category,Value
2015,"Parties meeting their commitments and obligations in transmitting information as required by Basel Convention on hazardous waste, and other chemicals",16.66667
2015,"Parties meeting their commitments and obligations in transmitting information as required by Montreal Protocol on hazardous waste, and other chemicals",100.0
2015,"Parties meeting their commitments and obligations in transmitting information as required by Rotterdam Convention on hazardous waste, and other chemicals",72.54902
2015,"Parties meeting their commitments and obligations in transmitting information as required by Stockholm Convention on hazardous waste, and other chemicals",33.33333
2020,"Parties meeting their commitments and obligations in transmitting information as required by Basel Convention on hazardous waste, and other chemicals",20.0
2020,"Parties meeting their commitments and obligations in transmitting information as required by Montreal Protocol on hazardous waste, and other chemicals",100.0
2020,"Parties meeting their commitments and obligations in transmitting information as required by Rotterdam Convention on hazardous waste, and other chemicals",67.24
2020,"Parties meeting their commitments and obligations in transmitting information as required by Stockholm Convention on hazardous waste, and other chemicals",50.0
