﻿Year,Category,Value
2006,Industrial emission facilities waste,59.4218753245571
2007,Industrial emission facilities waste,66.8427883317219
2008,Industrial emission facilities waste,70.8191712170231
2009,Industrial emission facilities waste,66.4667272363943
2010,Industrial emission facilities waste,72.2585675430644
2011,Industrial emission facilities waste,73.0283668151391
2012,Industrial emission facilities waste,76.4901250355215
2013,Industrial emission facilities waste,75.3598516872795
2014,Industrial emission facilities waste,77.2661133179057
2015,Industrial emission facilities waste,78.1664525725103
2016,Industrial emission facilities waste,79.0639423323047
2017,Industrial emission facilities waste,80.5915643819215
2018,Industrial emission facilities waste,81.6266204168801
2006,Municipal waste,55.7938203812998
2007,Municipal waste,57.9986751482237
2008,Municipal waste,59.2057044304441
2009,Municipal waste,60.3973311663316
2010,Municipal waste,59.3852943763991
2011,Municipal waste,57.6085018453069
2012,Municipal waste,57.6983109292531
2013,Municipal waste,56.9185081407997
2014,Municipal waste,57.969033318223
2015,Municipal waste,58.4713161580422
2016,Municipal waste,58.5253506906026
2017,Municipal waste,59.4617953338118
2018,Municipal waste,59.4122264932309
2006,Construction waste,96.9736349224102
2007,Construction waste,97.5000145344612
2008,Construction waste,97.542042298182
2009,Construction waste,97.7777026334219
2010,Construction waste,98.2486003849082
2011,Construction waste,98.0769478352856
2012,Construction waste,97.2489196451775
2013,Construction waste,97.4887448191843
2014,Construction waste,97.8790327452876
2015,Construction waste,97.5311686988487
2016,Construction waste,98.0967088506047
2017,Construction waste,98.0649296653039
2018,Construction waste,98.2598287806431
2006,Industrial municipal waste,60.4500352573789
2007,Industrial municipal waste,56.4323837695325
2008,Industrial municipal waste,62.3528571720015
2009,Industrial municipal waste,64.7124846945717
2010,Industrial municipal waste,66.1787196853834
2011,Industrial municipal waste,66.9736134222478
2012,Industrial municipal waste,67.019712480941
2013,Industrial municipal waste,69.7281778755116
2014,Industrial municipal waste,64.8354410286259
2015,Industrial municipal waste,63.4169687069274
2016,Industrial municipal waste,67.9423937629337
2017,Industrial municipal waste,72.7342405018513
2018,Industrial municipal waste,75.0831888521554
2019,Municipal waste,56.3842647145306
2019,Industrial municipal waste,72.4199746043339
2019,Construction waste,98.919728867097
2019,Industrial emission facilities waste,82.568515292248
2020,Municipal waste,56.419608707345
2020,Industrial municipal waste,69.7572669807928
2020,Construction waste,98.9820932087745
2020,Industrial emission facilities waste,84.3438755999675
2021,Municipal waste,54.6614054994824
2021,Industrial municipal waste,62.3988108977107
2021,Construction waste,99.2503688209904
2021,Industrial emission facilities waste,84.4084308413096
