﻿Year,Sex,Value
2015,,365
2015,Male,173
2015,Female,190
2015,Not indicated,2
2016,,356
2016,Male,162
2016,Female,193
2016,Not indicated,1
2017,,301
2017,Male,147
2017,Female,153
2017,Not indicated,1
2018,,309
2018,Male,152
2018,Female,154
2018,Not indicated,3
2019,,297
2019,Male,138
2019,Female,154
2019,Not indicated,5
2020,,308
2020,Male,164
2020,Female,138
2020,Not indicated,6
2020,,270
2021,Male,142
2021,Female,128
2021,Not indicated,0
2022,,275
2022,Male,137
2022,Female,137
2022,Not indicated,1
