Year,Category,Value
2018,Extent of use of country-owned results frameworks and planning tools by providers of development cooperation - data by provider (%),52.29508877
2018,Proportion of project objectives of new development interventions drawn from country-led result frameworks - data by provider (%),89.74359
2018,Proportion of results indicators drawn from country-led results frameworks - data by provider (%),39.20455
2018,Proportion of results indicators which will be monitored using government sources and monitoring systems - data by provider (%),27.93713
