﻿Year,School environment indicators,School,Value
2000,Computer,Middle school,100
2000,Computer,Elementary school,100
2000,Computer,High school,100
2001,Computer,Middle school,100
2001,Computer,Elementary school,100
2001,Computer,High school,100
2002,Computer,Middle school,100
2002,Computer,Elementary school,100
2002,Computer,High school,100
2003,Computer,Middle school,100
2003,Computer,Elementary school,100
2003,Computer,High school,100
2004,Computer,Middle school,100
2004,Computer,Elementary school,100
2004,Computer,High school,100
2005,Computer,Middle school,100
2005,Computer,Elementary school,100
2005,Computer,High school,100
2006,Computer,Middle school,100
2006,Computer,Elementary school,100
2006,Computer,High school,100
2007,Computer,Middle school,100
2007,Computer,Elementary school,100
2007,Computer,High school,100
2008,Computer,Middle school,100
2008,Computer,Elementary school,100
2008,Computer,High school,100
2009,Computer,Middle school,100
2009,Computer,Elementary school,100
2009,Computer,High school,100
2010,Computer,Middle school,100
2010,Computer,Elementary school,100
2010,Computer,High school,100
2011,Computer,Middle school,100
2011,Computer,Elementary school,100
2011,Computer,High school,100
2012,Computer,Middle school,100
2012,Computer,Elementary school,100
2012,Computer,High school,100
2013,Computer,Middle school,100
2013,Computer,Elementary school,100
2013,Computer,High school,100
2014,Computer,Middle school,100
2014,Computer,Elementary school,100
2014,Computer,High school,100
2015,Computer,Middle school,100
2015,Computer,Elementary school,100
2015,Computer,High school,100
2016,Computer,Middle school,100
2016,Computer,Elementary school,100
2016,Computer,High school,100
2017,Computer,Middle school,100
2017,Computer,Elementary school,100
2017,Computer,High school,100
2018,Computer,Middle school,100
2018,Computer,Elementary school,100
2018,Computer,High school,100
2019,Computer,Middle school,100
2019,Computer,Elementary school,100
2019,Computer,High school,100
2020,Computer,Middle school,100
2020,Computer,Elementary school,100
2020,Computer,High school,100
2000,Drinking water,Middle school,100
2000,Drinking water,Elementary school,100
2000,Drinking water,High school,100
2001,Drinking water,Middle school,100
2001,Drinking water,Elementary school,100
2001,Drinking water,High school,100
2002,Drinking water,Middle school,100
2002,Drinking water,Elementary school,100
2002,Drinking water,High school,100
2003,Drinking water,Middle school,100
2003,Drinking water,Elementary school,100
2003,Drinking water,High school,100
2004,Drinking water,Middle school,100
2004,Drinking water,Elementary school,100
2004,Drinking water,High school,100
2005,Drinking water,Middle school,100
2005,Drinking water,Elementary school,100
2005,Drinking water,High school,100
2006,Drinking water,Middle school,100
2006,Drinking water,Elementary school,100
2006,Drinking water,High school,100
2007,Drinking water,Middle school,100
2007,Drinking water,Elementary school,100
2007,Drinking water,High school,100
2008,Drinking water,Middle school,100
2008,Drinking water,Elementary school,100
2008,Drinking water,High school,100
2009,Drinking water,Middle school,100
2009,Drinking water,Elementary school,100
2009,Drinking water,High school,100
2010,Drinking water,Middle school,100
2010,Drinking water,Elementary school,100
2010,Drinking water,High school,100
2011,Drinking water,Middle school,100
2011,Drinking water,Elementary school,100
2011,Drinking water,High school,100
2012,Drinking water,Middle school,100
2012,Drinking water,Elementary school,100
2012,Drinking water,High school,100
2013,Drinking water,Middle school,100
2013,Drinking water,Elementary school,100
2013,Drinking water,High school,100
2014,Drinking water,Middle school,100
2014,Drinking water,Elementary school,100
2014,Drinking water,High school,100
2015,Drinking water,Middle school,100
2015,Drinking water,Elementary school,100
2015,Drinking water,High school,100
2016,Drinking water,Middle school,100
2016,Drinking water,Elementary school,100
2016,Drinking water,High school,100
2017,Drinking water,Middle school,100
2017,Drinking water,Elementary school,100
2017,Drinking water,High school,100
2018,Drinking water,Middle school,100
2018,Drinking water,Elementary school,100
2018,Drinking water,High school,100
2019,Drinking water,Middle school,100
2019,Drinking water,Elementary school,100
2019,Drinking water,High school,100
2020,Drinking water,Middle school,100
2020,Drinking water,Elementary school,100
2020,Drinking water,High school,100
2000,Electricity,Middle school,100
2000,Electricity,Elementary school,100
2000,Electricity,High school,100
2001,Electricity,Middle school,100
2001,Electricity,Elementary school,100
2001,Electricity,High school,100
2002,Electricity,Middle school,100
2002,Electricity,Elementary school,100
2002,Electricity,High school,100
2003,Electricity,Middle school,100
2003,Electricity,Elementary school,100
2003,Electricity,High school,100
2004,Electricity,Middle school,100
2004,Electricity,Elementary school,100
2004,Electricity,High school,100
2005,Electricity,Middle school,100
2005,Electricity,Elementary school,100
2005,Electricity,High school,100
2006,Electricity,Middle school,100
2006,Electricity,Elementary school,100
2006,Electricity,High school,100
2007,Electricity,Middle school,100
2007,Electricity,Elementary school,100
2007,Electricity,High school,100
2008,Electricity,Middle school,100
2008,Electricity,Elementary school,100
2008,Electricity,High school,100
2009,Electricity,Middle school,100
2009,Electricity,Elementary school,100
2009,Electricity,High school,100
2010,Electricity,Middle school,100
2010,Electricity,Elementary school,100
2010,Electricity,High school,100
2011,Electricity,Middle school,100
2011,Electricity,Elementary school,100
2011,Electricity,High school,100
2012,Electricity,Middle school,100
2012,Electricity,Elementary school,100
2012,Electricity,High school,100
2013,Electricity,Middle school,100
2013,Electricity,Elementary school,100
2013,Electricity,High school,100
2014,Electricity,Middle school,100
2014,Electricity,Elementary school,100
2014,Electricity,High school,100
2015,Electricity,Middle school,100
2015,Electricity,Elementary school,100
2015,Electricity,High school,100
2016,Electricity,Middle school,100
2016,Electricity,Elementary school,100
2016,Electricity,High school,100
2017,Electricity,Middle school,100
2017,Electricity,Elementary school,100
2017,Electricity,High school,100
2018,Electricity,Middle school,100
2018,Electricity,Elementary school,100
2018,Electricity,High school,100
2019,Electricity,Middle school,100
2019,Electricity,Elementary school,100
2019,Electricity,High school,100
2020,Electricity,Middle school,100
2020,Electricity,Elementary school,100
2020,Electricity,High school,100
2000,Hand-washing facilities,Middle school,100
2000,Hand-washing facilities,Elementary school,100
2000,Hand-washing facilities,High school,100
2001,Hand-washing facilities,Middle school,100
2001,Hand-washing facilities,Elementary school,100
2001,Hand-washing facilities,High school,100
2002,Hand-washing facilities,Middle school,100
2002,Hand-washing facilities,Elementary school,100
2002,Hand-washing facilities,High school,100
2003,Hand-washing facilities,Middle school,100
2003,Hand-washing facilities,Elementary school,100
2003,Hand-washing facilities,High school,100
2004,Hand-washing facilities,Middle school,100
2004,Hand-washing facilities,Elementary school,100
2004,Hand-washing facilities,High school,100
2005,Hand-washing facilities,Middle school,100
2005,Hand-washing facilities,Elementary school,100
2005,Hand-washing facilities,High school,100
2006,Hand-washing facilities,Middle school,100
2006,Hand-washing facilities,Elementary school,100
2006,Hand-washing facilities,High school,100
2007,Hand-washing facilities,Middle school,100
2007,Hand-washing facilities,Elementary school,100
2007,Hand-washing facilities,High school,100
2008,Hand-washing facilities,Middle school,100
2008,Hand-washing facilities,Elementary school,100
2008,Hand-washing facilities,High school,100
2009,Hand-washing facilities,Middle school,100
2009,Hand-washing facilities,Elementary school,100
2009,Hand-washing facilities,High school,100
2010,Hand-washing facilities,Middle school,100
2010,Hand-washing facilities,Elementary school,100
2010,Hand-washing facilities,High school,100
2011,Hand-washing facilities,Middle school,100
2011,Hand-washing facilities,Elementary school,100
2011,Hand-washing facilities,High school,100
2012,Hand-washing facilities,Middle school,100
2012,Hand-washing facilities,Elementary school,100
2012,Hand-washing facilities,High school,100
2013,Hand-washing facilities,Middle school,100
2013,Hand-washing facilities,Elementary school,100
2013,Hand-washing facilities,High school,100
2014,Hand-washing facilities,Middle school,100
2014,Hand-washing facilities,Elementary school,100
2014,Hand-washing facilities,High school,100
2015,Hand-washing facilities,Middle school,100
2015,Hand-washing facilities,Elementary school,100
2015,Hand-washing facilities,High school,100
2016,Hand-washing facilities,Middle school,100
2016,Hand-washing facilities,Elementary school,100
2016,Hand-washing facilities,High school,100
2017,Hand-washing facilities,Middle school,100
2017,Hand-washing facilities,Elementary school,100
2017,Hand-washing facilities,High school,100
2018,Hand-washing facilities,Middle school,100
2018,Hand-washing facilities,Elementary school,100
2018,Hand-washing facilities,High school,100
2019,Hand-washing facilities,Middle school,100
2019,Hand-washing facilities,Elementary school,100
2019,Hand-washing facilities,High school,100
2020,Hand-washing facilities,Middle school,100
2020,Hand-washing facilities,Elementary school,100
2020,Hand-washing facilities,High school,100
2000,Internet,Middle school,100
2000,Internet,Elementary school,100
2000,Internet,High school,100
2001,Internet,Middle school,100
2001,Internet,Elementary school,100
2001,Internet,High school,100
2002,Internet,Middle school,100
2002,Internet,Elementary school,100
2002,Internet,High school,100
2003,Internet,Middle school,100
2003,Internet,Elementary school,100
2003,Internet,High school,100
2004,Internet,Middle school,100
2004,Internet,Elementary school,100
2004,Internet,High school,100
2005,Internet,Middle school,100
2005,Internet,Elementary school,100
2005,Internet,High school,100
2006,Internet,Middle school,100
2006,Internet,Elementary school,100
2006,Internet,High school,100
2007,Internet,Middle school,100
2007,Internet,Elementary school,100
2007,Internet,High school,100
2008,Internet,Middle school,100
2008,Internet,Elementary school,100
2008,Internet,High school,100
2009,Internet,Middle school,100
2009,Internet,Elementary school,100
2009,Internet,High school,100
2010,Internet,Middle school,100
2010,Internet,Elementary school,100
2010,Internet,High school,100
2011,Internet,Middle school,100
2011,Internet,Elementary school,100
2011,Internet,High school,100
2012,Internet,Middle school,100
2012,Internet,Elementary school,100
2012,Internet,High school,100
2013,Internet,Middle school,100
2013,Internet,Elementary school,100
2013,Internet,High school,100
2014,Internet,Middle school,100
2014,Internet,Elementary school,100
2014,Internet,High school,100
2015,Internet,Middle school,100
2015,Internet,Elementary school,100
2015,Internet,High school,100
2016,Internet,Middle school,100
2016,Internet,Elementary school,100
2016,Internet,High school,100
2017,Internet,Middle school,100
2017,Internet,Elementary school,100
2017,Internet,High school,100
2018,Internet,Middle school,100
2018,Internet,Elementary school,100
2018,Internet,High school,100
2019,Internet,Middle school,100
2019,Internet,Elementary school,100
2019,Internet,High school,100
2020,Internet,Middle school,100
2020,Internet,Elementary school,100
2020,Internet,High school,100
2000,Single-sex basic sanitation facilities,Middle school,100
2000,Single-sex basic sanitation facilities,Elementary school,100
2000,Single-sex basic sanitation facilities,High school,100
2001,Single-sex basic sanitation facilities,Middle school,100
2001,Single-sex basic sanitation facilities,Elementary school,100
2001,Single-sex basic sanitation facilities,High school,100
2002,Single-sex basic sanitation facilities,Middle school,100
2002,Single-sex basic sanitation facilities,Elementary school,100
2002,Single-sex basic sanitation facilities,High school,100
2003,Single-sex basic sanitation facilities,Middle school,100
2003,Single-sex basic sanitation facilities,Elementary school,100
2003,Single-sex basic sanitation facilities,High school,100
2004,Single-sex basic sanitation facilities,Middle school,100
2004,Single-sex basic sanitation facilities,Elementary school,100
2004,Single-sex basic sanitation facilities,High school,100
2005,Single-sex basic sanitation facilities,Middle school,100
2005,Single-sex basic sanitation facilities,Elementary school,100
2005,Single-sex basic sanitation facilities,High school,100
2006,Single-sex basic sanitation facilities,Middle school,100
2006,Single-sex basic sanitation facilities,Elementary school,100
2006,Single-sex basic sanitation facilities,High school,100
2007,Single-sex basic sanitation facilities,Middle school,100
2007,Single-sex basic sanitation facilities,Elementary school,100
2007,Single-sex basic sanitation facilities,High school,100
2008,Single-sex basic sanitation facilities,Middle school,100
2008,Single-sex basic sanitation facilities,Elementary school,100
2008,Single-sex basic sanitation facilities,High school,100
2009,Single-sex basic sanitation facilities,Middle school,100
2009,Single-sex basic sanitation facilities,Elementary school,100
2009,Single-sex basic sanitation facilities,High school,100
2010,Single-sex basic sanitation facilities,Middle school,100
2010,Single-sex basic sanitation facilities,Elementary school,100
2010,Single-sex basic sanitation facilities,High school,100
2011,Single-sex basic sanitation facilities,Middle school,100
2011,Single-sex basic sanitation facilities,Elementary school,100
2011,Single-sex basic sanitation facilities,High school,100
2012,Single-sex basic sanitation facilities,Middle school,100
2012,Single-sex basic sanitation facilities,Elementary school,100
2012,Single-sex basic sanitation facilities,High school,100
2013,Single-sex basic sanitation facilities,Middle school,100
2013,Single-sex basic sanitation facilities,Elementary school,100
2013,Single-sex basic sanitation facilities,High school,100
2014,Single-sex basic sanitation facilities,Middle school,100
2014,Single-sex basic sanitation facilities,Elementary school,100
2014,Single-sex basic sanitation facilities,High school,100
2015,Single-sex basic sanitation facilities,Middle school,100
2015,Single-sex basic sanitation facilities,Elementary school,100
2015,Single-sex basic sanitation facilities,High school,100
2016,Single-sex basic sanitation facilities,Middle school,100
2016,Single-sex basic sanitation facilities,Elementary school,100
2016,Single-sex basic sanitation facilities,High school,100
2017,Single-sex basic sanitation facilities,Middle school,100
2017,Single-sex basic sanitation facilities,Elementary school,100
2017,Single-sex basic sanitation facilities,High school,100
2018,Single-sex basic sanitation facilities,Middle school,100
2018,Single-sex basic sanitation facilities,Elementary school,100
2018,Single-sex basic sanitation facilities,High school,100
2019,Single-sex basic sanitation facilities,Middle school,100
2019,Single-sex basic sanitation facilities,Elementary school,100
2019,Single-sex basic sanitation facilities,High school,100
2020,Single-sex basic sanitation facilities,Middle school,100
2020,Single-sex basic sanitation facilities,Elementary school,100
2020,Single-sex basic sanitation facilities,High school,100
