﻿Year,Banking service,Value
2004,ATMs,208.158009939999
2005,ATMs,212.13575440605
2006,ATMs,218.236550189578
2007,ATMs,234.219408619483
2008,ATMs,241.795990202743
2009,ATMs,247.090642194762
2010,ATMs,265.375150216093
2011,ATMs,281.231399925897
2012,ATMs,288.445031623041
2013,ATMs,288.585452999092
2014,ATMs,280.808057799033
2015,ATMs,275.880821776724
2016,ATMs,271.5618
2017,ATMs,272.5928
2018,ATMs,267.0787
2019,ATMs,264.3366
2020,ATMs,259.4557
2004,Commercial bank branches,16.7975690778461
2005,Commercial bank branches,17.3319707747024
2006,Commercial bank branches,17.8238438996295
2007,Commercial bank branches,18.3071375421041
2008,Commercial bank branches,18.696696189598
2009,Commercial bank branches,18.1921552973483
2010,Commercial bank branches,18.1791478775785
2011,Commercial bank branches,18.2208197712459
2012,Commercial bank branches,18.3123684524569
2013,Commercial bank branches,18.0209113651996
2014,Commercial bank branches,17.1967351508063
2015,Commercial bank branches,16.7514660374712
2016,Commercial bank branches,16.2376
2017,Commercial bank branches,15.4367
2018,Commercial bank branches,15.2809
2019,Commercial bank branches,15.0819
2020,Commercial bank branches,14.3555
2021,Commercial bank branches,13.653
