Year,units,Value
2005,data.dead_or_missing,0.10999
2006,data.dead_or_missing,0.14383
2007,data.dead_or_missing,0.04865
2008,data.dead_or_missing,0.13748
2009,data.dead_or_missing,0.50128
2010,data.dead_or_missing,0.20379
2011,data.dead_or_missing,0.16673
2012,data.dead_or_missing,0.04323
2013,data.dead_or_missing,0.03294
2014,data.dead_or_missing,0.85014
2015,data.dead_or_missing,0.13119
2016,data.dead_or_missing,0.05071
2017,data.dead_or_missing,0.14002
2018,data.dead_or_missing,0.28278
2019,data.dead_or_missing,0.21437
2005,data.directly_affected,31.14532
2006,data.directly_affected,55.66729
2007,data.directly_affected,36.94187
2008,data.directly_affected,11.2946
2009,data.directly_affected,1528.4374
2010,data.directly_affected,308.97818
2011,data.directly_affected,170.62742
2012,data.directly_affected,52.03314
2013,data.directly_affected,10.40311
2014,data.directly_affected,21.83325
2015,data.directly_affected,1.05543
2016,data.directly_affected,17.80979
2017,data.directly_affected,42.9559
2018,data.directly_affected,25.5629
2019,data.directly_affected,17.75809
