﻿Year,Units,Value
2008,data.G4_Non-performing_loans_to_total_gross_loans,0.57191
2009,data.G4_Non-performing_loans_to_total_gross_loans,0.5845
2010,data.G4_Non-performing_loans_to_total_gross_loans,0.588
2011,data.G4_Non-performing_loans_to_total_gross_loans,0.48416
2012,data.G4_Non-performing_loans_to_total_gross_loans,0.59429
2013,data.G4_Non-performing_loans_to_total_gross_loans,0.57068
2014,data.G4_Non-performing_loans_to_total_gross_loans,0.48783
2015,data.G4_Non-performing_loans_to_total_gross_loans,0.45686
2016,data.G4_Non-performing_loans_to_total_gross_loans,0.46921
2017,data.G4_Non-performing_loans_to_total_gross_loans,0.35236
2018,data.G4_Non-performing_loans_to_total_gross_loans,0.25443
2019,data.G4_Non-performing_loans_to_total_gross_loans,0.25114
2020,data.G4_Non-performing_loans_to_total_gross_loans,0.2491
2021,data.G4_Non-performing_loans_to_total_gross_loans,0.2333
2008,data.G5_Return_on_assets,0.6738
2009,data.G5_Return_on_assets,0.5452
2010,data.G5_Return_on_assets,0.7376
2011,data.G5_Return_on_assets,1.0388
2012,data.G5_Return_on_assets,0.6551
2013,data.G5_Return_on_assets,0.3232
2014,data.G5_Return_on_assets,0.4831
2015,data.G5_Return_on_assets,0.5303
2016,data.G5_Return_on_assets,0.3609
2017,data.G5_Return_on_assets,0.6696
2018,data.G5_Return_on_assets,0.7728
2019,data.G5_Return_on_assets,0.7179
2020,data.G5_Return_on_assets,0.6494
2021,data.G5_Return_on_assets,0.7344
2008,data.G1_Regulatory_capital_to_assets,6.3523
2009,data.G1_Regulatory_capital_to_assets,7.2379
2010,data.G1_Regulatory_capital_to_assets,7.41
2011,data.G1_Regulatory_capital_to_assets,7.042
2012,data.G1_Regulatory_capital_to_assets,7.1448
2013,data.G1_Regulatory_capital_to_assets,7.392
2014,data.G1_Regulatory_capital_to_assets,7.3943
2015,data.G1_Regulatory_capital_to_assets,7.2538
2016,data.G1_Regulatory_capital_to_assets,7.7863
2017,data.G1_Regulatory_capital_to_assets,7.9296
2018,data.G1_Regulatory_capital_to_assets,7.8817
2019,data.G1_Regulatory_capital_to_assets,7.7341
2020,data.G1_Regulatory_capital_to_assets,7.5105
2021,data.G1_Regulatory_capital_to_assets,7.4401
2008,data.G3_Non-performing_loans_net_of_provisions_to_capital,2.4248
2009,data.G3_Non-performing_loans_net_of_provisions_to_capital,2.4609
2010,data.G3_Non-performing_loans_net_of_provisions_to_capital,2.8975
2011,data.G3_Non-performing_loans_net_of_provisions_to_capital,2.5065
2012,data.G3_Non-performing_loans_net_of_provisions_to_capital,2.8439
2013,data.G3_Non-performing_loans_net_of_provisions_to_capital,3.2335
2014,data.G3_Non-performing_loans_net_of_provisions_to_capital,2.5253
2015,data.G3_Non-performing_loans_net_of_provisions_to_capital,1.9654
2016,data.G3_Non-performing_loans_net_of_provisions_to_capital,1.898
2017,data.G3_Non-performing_loans_net_of_provisions_to_capital,1.5099
2018,data.G3_Non-performing_loans_net_of_provisions_to_capital,1.1706
2019,data.G3_Non-performing_loans_net_of_provisions_to_capital,1.1097
2020,data.G3_Non-performing_loans_net_of_provisions_to_capital,1.1305
2021,data.G3_Non-performing_loans_net_of_provisions_to_capital,1.2164
2008,data.G2_Regulatory_Tier_1_capital_to_risk-weighted_assets,9.6051
2009,data.G2_Regulatory_Tier_1_capital_to_risk-weighted_assets,11.5122
2010,data.G2_Regulatory_Tier_1_capital_to_risk-weighted_assets,12.096
2011,data.G2_Regulatory_Tier_1_capital_to_risk-weighted_assets,11.6016
2012,data.G2_Regulatory_Tier_1_capital_to_risk-weighted_assets,11.5967
2013,data.G2_Regulatory_Tier_1_capital_to_risk-weighted_assets,11.853
2014,data.G2_Regulatory_Tier_1_capital_to_risk-weighted_assets,11.7234
2015,data.G2_Regulatory_Tier_1_capital_to_risk-weighted_assets,11.6941
2016,data.G2_Regulatory_Tier_1_capital_to_risk-weighted_assets,13.1146
2017,data.G2_Regulatory_Tier_1_capital_to_risk-weighted_assets,13.8411
2018,data.G2_Regulatory_Tier_1_capital_to_risk-weighted_assets,13.9889
2019,data.G2_Regulatory_Tier_1_capital_to_risk-weighted_assets,13.9779
2020,data.G2_Regulatory_Tier_1_capital_to_risk-weighted_assets,15.107
2021,data.G2_Regulatory_Tier_1_capital_to_risk-weighted_assets,15.3192
2008,data.G6_Liquid_assets_to_short_term_liabilities,101.37096
2009,data.G6_Liquid_assets_to_short_term_liabilities,103.93085
2010,data.G6_Liquid_assets_to_short_term_liabilities,117.46817
2011,data.G6_Liquid_assets_to_short_term_liabilities,109.33702
2012,data.G6_Liquid_assets_to_short_term_liabilities,111.34206
2013,data.G6_Liquid_assets_to_short_term_liabilities,107.87426
2014,data.G6_Liquid_assets_to_short_term_liabilities,121.98002
2015,data.G6_Liquid_assets_to_short_term_liabilities,104.95577
2016,data.G6_Liquid_assets_to_short_term_liabilities,102.59449
2017,data.G6_Liquid_assets_to_short_term_liabilities,101.2468
2018,data.G6_Liquid_assets_to_short_term_liabilities,114.4857
2019,data.G6_Liquid_assets_to_short_term_liabilities,109.96364
2020,data.G6_Liquid_assets_to_short_term_liabilities,102.1849
2021,data.G6_Liquid_assets_to_short_term_liabilities,106.8612
2008,data.G7_Net_open_position_in_foreign_exchange_to_capital,1.8752
2009,data.G7_Net_open_position_in_foreign_exchange_to_capital,2.911
2010,data.G7_Net_open_position_in_foreign_exchange_to_capital,0.93766
2011,data.G7_Net_open_position_in_foreign_exchange_to_capital,0.93475
2012,data.G7_Net_open_position_in_foreign_exchange_to_capital,0.15454
2013,data.G7_Net_open_position_in_foreign_exchange_to_capital,-0.1504
2014,data.G7_Net_open_position_in_foreign_exchange_to_capital,0.4656
2015,data.G7_Net_open_position_in_foreign_exchange_to_capital,-0.04185
2016,data.G7_Net_open_position_in_foreign_exchange_to_capital,0.01914
2017,data.G7_Net_open_position_in_foreign_exchange_to_capital,-0.9807
2018,data.G7_Net_open_position_in_foreign_exchange_to_capital,0.04103
2019,data.G7_Net_open_position_in_foreign_exchange_to_capital,0.10735
2020,data.G7_Net_open_position_in_foreign_exchange_to_capital,-0.0206
2021,data.G7_Net_open_position_in_foreign_exchange_to_capital,1.4987
