﻿Year,Units,data.Name_of_international_institution,Value
2000,data.Proportion_of_members_of_developing_countries_in_international_organizations,ADB,1.6949
2000,data.Proportion_of_members_of_developing_countries_in_international_organizations,AFDB,1.2987
2000,data.Proportion_of_members_of_developing_countries_in_international_organizations,IABD,0.0
2000,data.Proportion_of_members_of_developing_countries_in_international_organizations,IBRD,0.54945
2000,data.Proportion_of_members_of_developing_countries_in_international_organizations,IFC,0.57471
2000,data.Proportion_of_members_of_developing_countries_in_international_organizations,IMF,0.5618
2000,data.Proportion_of_members_of_developing_countries_in_international_organizations,UNGA,0.5291
2000,data.Proportion_of_members_of_developing_countries_in_international_organizations,WTO,0.71429
2000,data.Proportion_of_members_of_developing_countries_in_international_organizations,ADB,1.6949
2000,data.Proportion_of_members_of_developing_countries_in_international_organizations,AFDB,1.2987
2000,data.Proportion_of_members_of_developing_countries_in_international_organizations,IABD,0.0
2000,data.Proportion_of_members_of_developing_countries_in_international_organizations,IBRD,0.54945
2000,data.Proportion_of_members_of_developing_countries_in_international_organizations,IFC,0.57471
2000,data.Proportion_of_members_of_developing_countries_in_international_organizations,IMF,0.5618
2000,data.Proportion_of_members_of_developing_countries_in_international_organizations,UNGA,0.5291
2000,data.Proportion_of_members_of_developing_countries_in_international_organizations,WTO,0.71429
2005,data.Proportion_of_members_of_developing_countries_in_international_organizations,ADB,1.5625
2005,data.Proportion_of_members_of_developing_countries_in_international_organizations,AFDB,1.2987
2005,data.Proportion_of_members_of_developing_countries_in_international_organizations,ECOSOC,1.85185
2005,data.Proportion_of_members_of_developing_countries_in_international_organizations,IABD,2.12766
2005,data.Proportion_of_members_of_developing_countries_in_international_organizations,IBRD,0.54348
2005,data.Proportion_of_members_of_developing_countries_in_international_organizations,IFC,0.5618
2005,data.Proportion_of_members_of_developing_countries_in_international_organizations,IMF,0.55249
2005,data.Proportion_of_members_of_developing_countries_in_international_organizations,UNGA,0.52356
2005,data.Proportion_of_members_of_developing_countries_in_international_organizations,WTO,0.67114
2005,data.Proportion_of_members_of_developing_countries_in_international_organizations,ADB,1.5625
2005,data.Proportion_of_members_of_developing_countries_in_international_organizations,AFDB,1.2987
2005,data.Proportion_of_members_of_developing_countries_in_international_organizations,ECOSOC,1.85185
2005,data.Proportion_of_members_of_developing_countries_in_international_organizations,IABD,2.12766
2005,data.Proportion_of_members_of_developing_countries_in_international_organizations,IBRD,0.54348
2005,data.Proportion_of_members_of_developing_countries_in_international_organizations,IFC,0.5618
2005,data.Proportion_of_members_of_developing_countries_in_international_organizations,IMF,0.55249
2005,data.Proportion_of_members_of_developing_countries_in_international_organizations,UNGA,0.52356
2005,data.Proportion_of_members_of_developing_countries_in_international_organizations,WTO,0.67114
2010,data.Proportion_of_members_of_developing_countries_in_international_organizations,ADB,1.4925
2010,data.Proportion_of_members_of_developing_countries_in_international_organizations,AFDB,1.2987
2010,data.Proportion_of_members_of_developing_countries_in_international_organizations,ECOSOC,1.85185
2010,data.Proportion_of_members_of_developing_countries_in_international_organizations,FSB,4.16667
2010,data.Proportion_of_members_of_developing_countries_in_international_organizations,IABD,2.08333
2010,data.Proportion_of_members_of_developing_countries_in_international_organizations,IBRD,0.53476
2010,data.Proportion_of_members_of_developing_countries_in_international_organizations,IFC,0.54945
2010,data.Proportion_of_members_of_developing_countries_in_international_organizations,IMF,0.54945
2010,data.Proportion_of_members_of_developing_countries_in_international_organizations,UNGA,0.52083
2010,data.Proportion_of_members_of_developing_countries_in_international_organizations,WTO,0.65359
2010,data.Proportion_of_members_of_developing_countries_in_international_organizations,ADB,1.4925
2010,data.Proportion_of_members_of_developing_countries_in_international_organizations,AFDB,1.2987
2010,data.Proportion_of_members_of_developing_countries_in_international_organizations,ECOSOC,1.85185
2010,data.Proportion_of_members_of_developing_countries_in_international_organizations,FSB,4.16667
2010,data.Proportion_of_members_of_developing_countries_in_international_organizations,IABD,2.08333
2010,data.Proportion_of_members_of_developing_countries_in_international_organizations,IBRD,0.53476
2010,data.Proportion_of_members_of_developing_countries_in_international_organizations,IFC,0.54945
2010,data.Proportion_of_members_of_developing_countries_in_international_organizations,IMF,0.54945
2010,data.Proportion_of_members_of_developing_countries_in_international_organizations,UNGA,0.52083
2010,data.Proportion_of_members_of_developing_countries_in_international_organizations,WTO,0.65359
2014,data.Proportion_of_members_of_developing_countries_in_international_organizations,AFDB,1.26582
2014,data.Proportion_of_members_of_developing_countries_in_international_organizations,AFDB,1.26582
2015,data.Proportion_of_members_of_developing_countries_in_international_organizations,ADB,1.4925
2015,data.Proportion_of_members_of_developing_countries_in_international_organizations,AFDB,1.25
2015,data.Proportion_of_members_of_developing_countries_in_international_organizations,FSB,4.16667
2015,data.Proportion_of_members_of_developing_countries_in_international_organizations,IABD,2.08333
2015,data.Proportion_of_members_of_developing_countries_in_international_organizations,IBRD,0.53191
2015,data.Proportion_of_members_of_developing_countries_in_international_organizations,IFC,0.54348
2015,data.Proportion_of_members_of_developing_countries_in_international_organizations,IMF,0.53191
2015,data.Proportion_of_members_of_developing_countries_in_international_organizations,UNGA,0.51813
2015,data.Proportion_of_members_of_developing_countries_in_international_organizations,WTO,0.625
2015,data.Proportion_of_members_of_developing_countries_in_international_organizations,ADB,1.4925
2015,data.Proportion_of_members_of_developing_countries_in_international_organizations,AFDB,1.25
2015,data.Proportion_of_members_of_developing_countries_in_international_organizations,FSB,4.16667
2015,data.Proportion_of_members_of_developing_countries_in_international_organizations,IABD,2.08333
2015,data.Proportion_of_members_of_developing_countries_in_international_organizations,IBRD,0.53191
2015,data.Proportion_of_members_of_developing_countries_in_international_organizations,IFC,0.54348
2015,data.Proportion_of_members_of_developing_countries_in_international_organizations,IMF,0.53191
2015,data.Proportion_of_members_of_developing_countries_in_international_organizations,UNGA,0.51813
2015,data.Proportion_of_members_of_developing_countries_in_international_organizations,WTO,0.625
2016,data.Proportion_of_members_of_developing_countries_in_international_organizations,ADB,1.4925
2016,data.Proportion_of_members_of_developing_countries_in_international_organizations,AFDB,1.25
2016,data.Proportion_of_members_of_developing_countries_in_international_organizations,ECOSOC,1.85185
2016,data.Proportion_of_members_of_developing_countries_in_international_organizations,FSB,4.16667
2016,data.Proportion_of_members_of_developing_countries_in_international_organizations,IABD,2.08333
2016,data.Proportion_of_members_of_developing_countries_in_international_organizations,IBRD,0.53191
2016,data.Proportion_of_members_of_developing_countries_in_international_organizations,IFC,0.54348
2016,data.Proportion_of_members_of_developing_countries_in_international_organizations,IMF,0.53191
2016,data.Proportion_of_members_of_developing_countries_in_international_organizations,UNGA,0.51813
2016,data.Proportion_of_members_of_developing_countries_in_international_organizations,WTO,0.61728
2016,data.Proportion_of_members_of_developing_countries_in_international_organizations,ADB,1.4925
2016,data.Proportion_of_members_of_developing_countries_in_international_organizations,AFDB,1.25
2016,data.Proportion_of_members_of_developing_countries_in_international_organizations,ECOSOC,1.85185
2016,data.Proportion_of_members_of_developing_countries_in_international_organizations,FSB,4.16667
2016,data.Proportion_of_members_of_developing_countries_in_international_organizations,IABD,2.08333
2016,data.Proportion_of_members_of_developing_countries_in_international_organizations,IBRD,0.53191
2016,data.Proportion_of_members_of_developing_countries_in_international_organizations,IFC,0.54348
2016,data.Proportion_of_members_of_developing_countries_in_international_organizations,IMF,0.53191
2016,data.Proportion_of_members_of_developing_countries_in_international_organizations,UNGA,0.51813
2016,data.Proportion_of_members_of_developing_countries_in_international_organizations,WTO,0.61728
2017,data.Proportion_of_members_of_developing_countries_in_international_organizations,ADB,1.4925
2017,data.Proportion_of_members_of_developing_countries_in_international_organizations,AFDB,1.25
2017,data.Proportion_of_members_of_developing_countries_in_international_organizations,ECOSOC,1.85185
2017,data.Proportion_of_members_of_developing_countries_in_international_organizations,FSB,4.16667
2017,data.Proportion_of_members_of_developing_countries_in_international_organizations,IABD,2.08333
2017,data.Proportion_of_members_of_developing_countries_in_international_organizations,IBRD,0.5291
2017,data.Proportion_of_members_of_developing_countries_in_international_organizations,IFC,0.54348
2017,data.Proportion_of_members_of_developing_countries_in_international_organizations,IMF,0.5291
2017,data.Proportion_of_members_of_developing_countries_in_international_organizations,UNGA,0.51813
2017,data.Proportion_of_members_of_developing_countries_in_international_organizations,WTO,0.60976
2017,data.Proportion_of_members_of_developing_countries_in_international_organizations,ADB,1.4925
2017,data.Proportion_of_members_of_developing_countries_in_international_organizations,AFDB,1.25
2017,data.Proportion_of_members_of_developing_countries_in_international_organizations,ECOSOC,1.85185
2017,data.Proportion_of_members_of_developing_countries_in_international_organizations,FSB,4.16667
2017,data.Proportion_of_members_of_developing_countries_in_international_organizations,IABD,2.08333
2017,data.Proportion_of_members_of_developing_countries_in_international_organizations,IBRD,0.5291
2017,data.Proportion_of_members_of_developing_countries_in_international_organizations,IFC,0.54348
2017,data.Proportion_of_members_of_developing_countries_in_international_organizations,IMF,0.5291
2017,data.Proportion_of_members_of_developing_countries_in_international_organizations,UNGA,0.51813
2017,data.Proportion_of_members_of_developing_countries_in_international_organizations,WTO,0.60976
2018,data.Proportion_of_members_of_developing_countries_in_international_organizations,ADB,1.4925
2018,data.Proportion_of_members_of_developing_countries_in_international_organizations,AFDB,1.25
2018,data.Proportion_of_members_of_developing_countries_in_international_organizations,ECOSOC,1.85185
2018,data.Proportion_of_members_of_developing_countries_in_international_organizations,FSB,4.16667
2018,data.Proportion_of_members_of_developing_countries_in_international_organizations,IABD,2.08333
2018,data.Proportion_of_members_of_developing_countries_in_international_organizations,IBRD,0.5291
2018,data.Proportion_of_members_of_developing_countries_in_international_organizations,IFC,0.54348
2018,data.Proportion_of_members_of_developing_countries_in_international_organizations,IMF,0.5291
2018,data.Proportion_of_members_of_developing_countries_in_international_organizations,UNGA,0.51813
2018,data.Proportion_of_members_of_developing_countries_in_international_organizations,WTO,0.60976
2018,data.Proportion_of_members_of_developing_countries_in_international_organizations,ADB,1.4925
2018,data.Proportion_of_members_of_developing_countries_in_international_organizations,AFDB,1.25
2018,data.Proportion_of_members_of_developing_countries_in_international_organizations,ECOSOC,1.85185
2018,data.Proportion_of_members_of_developing_countries_in_international_organizations,FSB,4.16667
2018,data.Proportion_of_members_of_developing_countries_in_international_organizations,IABD,2.08333
2018,data.Proportion_of_members_of_developing_countries_in_international_organizations,IBRD,0.5291
2018,data.Proportion_of_members_of_developing_countries_in_international_organizations,IFC,0.54348
2018,data.Proportion_of_members_of_developing_countries_in_international_organizations,IMF,0.5291
2018,data.Proportion_of_members_of_developing_countries_in_international_organizations,UNGA,0.51813
2018,data.Proportion_of_members_of_developing_countries_in_international_organizations,WTO,0.60976
2019,data.Proportion_of_members_of_developing_countries_in_international_organizations,ADB,1.4925
2019,data.Proportion_of_members_of_developing_countries_in_international_organizations,AFDB,1.25
2019,data.Proportion_of_members_of_developing_countries_in_international_organizations,ECOSOC,1.85185
2019,data.Proportion_of_members_of_developing_countries_in_international_organizations,FSB,4.16667
2019,data.Proportion_of_members_of_developing_countries_in_international_organizations,IABD,2.08333
2019,data.Proportion_of_members_of_developing_countries_in_international_organizations,IBRD,0.5291
2019,data.Proportion_of_members_of_developing_countries_in_international_organizations,IFC,0.5435
2019,data.Proportion_of_members_of_developing_countries_in_international_organizations,IMF,0.5291
2019,data.Proportion_of_members_of_developing_countries_in_international_organizations,UNGA,0.51813
2019,data.Proportion_of_members_of_developing_countries_in_international_organizations,WTO,0.60976
2019,data.Proportion_of_members_of_developing_countries_in_international_organizations,ADB,1.4925
2019,data.Proportion_of_members_of_developing_countries_in_international_organizations,AFDB,1.25
2019,data.Proportion_of_members_of_developing_countries_in_international_organizations,ECOSOC,1.85185
2019,data.Proportion_of_members_of_developing_countries_in_international_organizations,FSB,4.16667
2019,data.Proportion_of_members_of_developing_countries_in_international_organizations,IABD,2.08333
2019,data.Proportion_of_members_of_developing_countries_in_international_organizations,IBRD,0.5291
2019,data.Proportion_of_members_of_developing_countries_in_international_organizations,IFC,0.5435
2019,data.Proportion_of_members_of_developing_countries_in_international_organizations,IMF,0.5291
2019,data.Proportion_of_members_of_developing_countries_in_international_organizations,UNGA,0.51813
2019,data.Proportion_of_members_of_developing_countries_in_international_organizations,WTO,0.60976
2020,data.Proportion_of_members_of_developing_countries_in_international_organizations,ECOSOC,1.85185
2020,data.Proportion_of_members_of_developing_countries_in_international_organizations,FSB,4.16667
2020,data.Proportion_of_members_of_developing_countries_in_international_organizations,IBRD,0.5291
2020,data.Proportion_of_members_of_developing_countries_in_international_organizations,IFC,0.54348
2020,data.Proportion_of_members_of_developing_countries_in_international_organizations,IMF,0.5291
2020,data.Proportion_of_members_of_developing_countries_in_international_organizations,UNGA,0.51813
2020,data.Proportion_of_members_of_developing_countries_in_international_organizations,WTO,0.60976
2020,data.Proportion_of_members_of_developing_countries_in_international_organizations,ECOSOC,1.85185
2020,data.Proportion_of_members_of_developing_countries_in_international_organizations,FSB,4.16667
2020,data.Proportion_of_members_of_developing_countries_in_international_organizations,IBRD,0.5291
2020,data.Proportion_of_members_of_developing_countries_in_international_organizations,IFC,0.54348
2020,data.Proportion_of_members_of_developing_countries_in_international_organizations,IMF,0.5291
2020,data.Proportion_of_members_of_developing_countries_in_international_organizations,UNGA,0.51813
2020,data.Proportion_of_members_of_developing_countries_in_international_organizations,WTO,0.60976
2021,data.Proportion_of_members_of_developing_countries_in_international_organizations,ECOSOC,1.85185185185185
2021,data.Proportion_of_members_of_developing_countries_in_international_organizations,FSB,4.16666666666667
2021,data.Proportion_of_members_of_developing_countries_in_international_organizations,IBRD,0.5291
2021,data.Proportion_of_members_of_developing_countries_in_international_organizations,IFC,0.54054
2021,data.Proportion_of_members_of_developing_countries_in_international_organizations,IMF,0.52632
2021,data.Proportion_of_members_of_developing_countries_in_international_organizations,UNGA,0.51813
2021,data.Proportion_of_members_of_developing_countries_in_international_organizations,WTO,0.60976
2021,data.Proportion_of_members_of_developing_countries_in_international_organizations,ECOSOC,1.85185185185185
2021,data.Proportion_of_members_of_developing_countries_in_international_organizations,FSB,4.16666666666667
2021,data.Proportion_of_members_of_developing_countries_in_international_organizations,IBRD,0.5291
2021,data.Proportion_of_members_of_developing_countries_in_international_organizations,IFC,0.54054
2021,data.Proportion_of_members_of_developing_countries_in_international_organizations,IMF,0.52632
2021,data.Proportion_of_members_of_developing_countries_in_international_organizations,UNGA,0.51813
2021,data.Proportion_of_members_of_developing_countries_in_international_organizations,WTO,0.60976
2000,data.Proportion_of_voting_rights_of_developing_countries_in_international_organizations,ADB,4.443
2000,data.Proportion_of_voting_rights_of_developing_countries_in_international_organizations,AFDB,0.487
2000,data.Proportion_of_voting_rights_of_developing_countries_in_international_organizations,IABD,0.0
2000,data.Proportion_of_voting_rights_of_developing_countries_in_international_organizations,IBRD,0.9982
2000,data.Proportion_of_voting_rights_of_developing_countries_in_international_organizations,IFC,0.6745
2000,data.Proportion_of_voting_rights_of_developing_countries_in_international_organizations,IMF,0.7748
2000,data.Proportion_of_voting_rights_of_developing_countries_in_international_organizations,UNGA,0.5291
2000,data.Proportion_of_voting_rights_of_developing_countries_in_international_organizations,WTO,0.7143
2000,data.Proportion_of_voting_rights_of_developing_countries_in_international_organizations,ADB,4.443
2000,data.Proportion_of_voting_rights_of_developing_countries_in_international_organizations,AFDB,0.487
2000,data.Proportion_of_voting_rights_of_developing_countries_in_international_organizations,IABD,0.0
2000,data.Proportion_of_voting_rights_of_developing_countries_in_international_organizations,IBRD,0.9982
2000,data.Proportion_of_voting_rights_of_developing_countries_in_international_organizations,IFC,0.6745
2000,data.Proportion_of_voting_rights_of_developing_countries_in_international_organizations,IMF,0.7748
2000,data.Proportion_of_voting_rights_of_developing_countries_in_international_organizations,UNGA,0.5291
2000,data.Proportion_of_voting_rights_of_developing_countries_in_international_organizations,WTO,0.7143
2005,data.Proportion_of_voting_rights_of_developing_countries_in_international_organizations,ADB,4.375
2005,data.Proportion_of_voting_rights_of_developing_countries_in_international_organizations,AFDB,0.466
2005,data.Proportion_of_voting_rights_of_developing_countries_in_international_organizations,ECOSOC,1.8519
2005,data.Proportion_of_voting_rights_of_developing_countries_in_international_organizations,IABD,0.004
2005,data.Proportion_of_voting_rights_of_developing_countries_in_international_organizations,IBRD,0.9926
2005,data.Proportion_of_voting_rights_of_developing_countries_in_international_organizations,IFC,0.6725
2005,data.Proportion_of_voting_rights_of_developing_countries_in_international_organizations,IMF,0.7625
2005,data.Proportion_of_voting_rights_of_developing_countries_in_international_organizations,UNGA,0.5236
2005,data.Proportion_of_voting_rights_of_developing_countries_in_international_organizations,WTO,0.6711
2005,data.Proportion_of_voting_rights_of_developing_countries_in_international_organizations,ADB,4.375
2005,data.Proportion_of_voting_rights_of_developing_countries_in_international_organizations,AFDB,0.466
2005,data.Proportion_of_voting_rights_of_developing_countries_in_international_organizations,ECOSOC,1.8519
2005,data.Proportion_of_voting_rights_of_developing_countries_in_international_organizations,IABD,0.004
2005,data.Proportion_of_voting_rights_of_developing_countries_in_international_organizations,IBRD,0.9926
2005,data.Proportion_of_voting_rights_of_developing_countries_in_international_organizations,IFC,0.6725
2005,data.Proportion_of_voting_rights_of_developing_countries_in_international_organizations,IMF,0.7625
2005,data.Proportion_of_voting_rights_of_developing_countries_in_international_organizations,UNGA,0.5236
2005,data.Proportion_of_voting_rights_of_developing_countries_in_international_organizations,WTO,0.6711
2010,data.Proportion_of_voting_rights_of_developing_countries_in_international_organizations,ADB,4.875
2010,data.Proportion_of_voting_rights_of_developing_countries_in_international_organizations,AFDB,0.458
2010,data.Proportion_of_voting_rights_of_developing_countries_in_international_organizations,ECOSOC,1.8519
2010,data.Proportion_of_voting_rights_of_developing_countries_in_international_organizations,FSB,3.8462
2010,data.Proportion_of_voting_rights_of_developing_countries_in_international_organizations,IABD,0.004
2010,data.Proportion_of_voting_rights_of_developing_countries_in_international_organizations,IBRD,0.991
2010,data.Proportion_of_voting_rights_of_developing_countries_in_international_organizations,IFC,0.6707
2010,data.Proportion_of_voting_rights_of_developing_countries_in_international_organizations,IMF,1.3331
2010,data.Proportion_of_voting_rights_of_developing_countries_in_international_organizations,UNGA,0.5208
2010,data.Proportion_of_voting_rights_of_developing_countries_in_international_organizations,WTO,0.6536
2010,data.Proportion_of_voting_rights_of_developing_countries_in_international_organizations,ADB,4.875
2010,data.Proportion_of_voting_rights_of_developing_countries_in_international_organizations,AFDB,0.458
2010,data.Proportion_of_voting_rights_of_developing_countries_in_international_organizations,ECOSOC,1.8519
2010,data.Proportion_of_voting_rights_of_developing_countries_in_international_organizations,FSB,3.8462
2010,data.Proportion_of_voting_rights_of_developing_countries_in_international_organizations,IABD,0.004
2010,data.Proportion_of_voting_rights_of_developing_countries_in_international_organizations,IBRD,0.991
2010,data.Proportion_of_voting_rights_of_developing_countries_in_international_organizations,IFC,0.6707
2010,data.Proportion_of_voting_rights_of_developing_countries_in_international_organizations,IMF,1.3331
2010,data.Proportion_of_voting_rights_of_developing_countries_in_international_organizations,UNGA,0.5208
2010,data.Proportion_of_voting_rights_of_developing_countries_in_international_organizations,WTO,0.6536
2014,data.Proportion_of_voting_rights_of_developing_countries_in_international_organizations,AFDB,0.455
2014,data.Proportion_of_voting_rights_of_developing_countries_in_international_organizations,AFDB,0.455
2015,data.Proportion_of_voting_rights_of_developing_countries_in_international_organizations,ADB,4.333
2015,data.Proportion_of_voting_rights_of_developing_countries_in_international_organizations,AFDB,0.47
2015,data.Proportion_of_voting_rights_of_developing_countries_in_international_organizations,FSB,3.5088
2015,data.Proportion_of_voting_rights_of_developing_countries_in_international_organizations,IABD,0.004
2015,data.Proportion_of_voting_rights_of_developing_countries_in_international_organizations,IBRD,1.6493
2015,data.Proportion_of_voting_rights_of_developing_countries_in_international_organizations,IFC,1.0673
2015,data.Proportion_of_voting_rights_of_developing_countries_in_international_organizations,IMF,1.3649
2015,data.Proportion_of_voting_rights_of_developing_countries_in_international_organizations,UNGA,0.5181
2015,data.Proportion_of_voting_rights_of_developing_countries_in_international_organizations,WTO,0.625
2015,data.Proportion_of_voting_rights_of_developing_countries_in_international_organizations,ADB,4.333
2015,data.Proportion_of_voting_rights_of_developing_countries_in_international_organizations,AFDB,0.47
2015,data.Proportion_of_voting_rights_of_developing_countries_in_international_organizations,FSB,3.5088
2015,data.Proportion_of_voting_rights_of_developing_countries_in_international_organizations,IABD,0.004
2015,data.Proportion_of_voting_rights_of_developing_countries_in_international_organizations,IBRD,1.6493
2015,data.Proportion_of_voting_rights_of_developing_countries_in_international_organizations,IFC,1.0673
2015,data.Proportion_of_voting_rights_of_developing_countries_in_international_organizations,IMF,1.3649
2015,data.Proportion_of_voting_rights_of_developing_countries_in_international_organizations,UNGA,0.5181
2015,data.Proportion_of_voting_rights_of_developing_countries_in_international_organizations,WTO,0.625
2016,data.Proportion_of_voting_rights_of_developing_countries_in_international_organizations,ADB,4.329
2016,data.Proportion_of_voting_rights_of_developing_countries_in_international_organizations,AFDB,0.4882
2016,data.Proportion_of_voting_rights_of_developing_countries_in_international_organizations,ECOSOC,1.8519
2016,data.Proportion_of_voting_rights_of_developing_countries_in_international_organizations,FSB,3.5088
2016,data.Proportion_of_voting_rights_of_developing_countries_in_international_organizations,IABD,0.004
2016,data.Proportion_of_voting_rights_of_developing_countries_in_international_organizations,IBRD,1.65
2016,data.Proportion_of_voting_rights_of_developing_countries_in_international_organizations,IFC,1.0673
2016,data.Proportion_of_voting_rights_of_developing_countries_in_international_organizations,IMF,1.75
2016,data.Proportion_of_voting_rights_of_developing_countries_in_international_organizations,UNGA,0.5181
2016,data.Proportion_of_voting_rights_of_developing_countries_in_international_organizations,WTO,0.6173
2016,data.Proportion_of_voting_rights_of_developing_countries_in_international_organizations,ADB,4.329
2016,data.Proportion_of_voting_rights_of_developing_countries_in_international_organizations,AFDB,0.4882
2016,data.Proportion_of_voting_rights_of_developing_countries_in_international_organizations,ECOSOC,1.8519
2016,data.Proportion_of_voting_rights_of_developing_countries_in_international_organizations,FSB,3.5088
2016,data.Proportion_of_voting_rights_of_developing_countries_in_international_organizations,IABD,0.004
2016,data.Proportion_of_voting_rights_of_developing_countries_in_international_organizations,IBRD,1.65
2016,data.Proportion_of_voting_rights_of_developing_countries_in_international_organizations,IFC,1.0673
2016,data.Proportion_of_voting_rights_of_developing_countries_in_international_organizations,IMF,1.75
2016,data.Proportion_of_voting_rights_of_developing_countries_in_international_organizations,UNGA,0.5181
2016,data.Proportion_of_voting_rights_of_developing_countries_in_international_organizations,WTO,0.6173
2017,data.Proportion_of_voting_rights_of_developing_countries_in_international_organizations,ADB,4.329
2017,data.Proportion_of_voting_rights_of_developing_countries_in_international_organizations,AFDB,0.4882
2017,data.Proportion_of_voting_rights_of_developing_countries_in_international_organizations,ECOSOC,1.8519
2017,data.Proportion_of_voting_rights_of_developing_countries_in_international_organizations,FSB,3.5088
2017,data.Proportion_of_voting_rights_of_developing_countries_in_international_organizations,IABD,0.004
2017,data.Proportion_of_voting_rights_of_developing_countries_in_international_organizations,IBRD,1.6191
2017,data.Proportion_of_voting_rights_of_developing_countries_in_international_organizations,IFC,1.0673
2017,data.Proportion_of_voting_rights_of_developing_countries_in_international_organizations,IMF,1.7352
2017,data.Proportion_of_voting_rights_of_developing_countries_in_international_organizations,UNGA,0.5181
2017,data.Proportion_of_voting_rights_of_developing_countries_in_international_organizations,WTO,0.6098
2017,data.Proportion_of_voting_rights_of_developing_countries_in_international_organizations,ADB,4.329
2017,data.Proportion_of_voting_rights_of_developing_countries_in_international_organizations,AFDB,0.4882
2017,data.Proportion_of_voting_rights_of_developing_countries_in_international_organizations,ECOSOC,1.8519
2017,data.Proportion_of_voting_rights_of_developing_countries_in_international_organizations,FSB,3.5088
2017,data.Proportion_of_voting_rights_of_developing_countries_in_international_organizations,IABD,0.004
2017,data.Proportion_of_voting_rights_of_developing_countries_in_international_organizations,IBRD,1.6191
2017,data.Proportion_of_voting_rights_of_developing_countries_in_international_organizations,IFC,1.0673
2017,data.Proportion_of_voting_rights_of_developing_countries_in_international_organizations,IMF,1.7352
2017,data.Proportion_of_voting_rights_of_developing_countries_in_international_organizations,UNGA,0.5181
2017,data.Proportion_of_voting_rights_of_developing_countries_in_international_organizations,WTO,0.6098
2018,data.Proportion_of_voting_rights_of_developing_countries_in_international_organizations,ADB,4.3195
2018,data.Proportion_of_voting_rights_of_developing_countries_in_international_organizations,AFDB,0.4922
2018,data.Proportion_of_voting_rights_of_developing_countries_in_international_organizations,ECOSOC,1.8519
2018,data.Proportion_of_voting_rights_of_developing_countries_in_international_organizations,FSB,3.5088
2018,data.Proportion_of_voting_rights_of_developing_countries_in_international_organizations,IABD,0.004
2018,data.Proportion_of_voting_rights_of_developing_countries_in_international_organizations,IBRD,1.5856
2018,data.Proportion_of_voting_rights_of_developing_countries_in_international_organizations,IFC,1.0661
2018,data.Proportion_of_voting_rights_of_developing_countries_in_international_organizations,IMF,1.7349
2018,data.Proportion_of_voting_rights_of_developing_countries_in_international_organizations,UNGA,0.5181
2018,data.Proportion_of_voting_rights_of_developing_countries_in_international_organizations,WTO,0.6098
2018,data.Proportion_of_voting_rights_of_developing_countries_in_international_organizations,ADB,4.3195
2018,data.Proportion_of_voting_rights_of_developing_countries_in_international_organizations,AFDB,0.4922
2018,data.Proportion_of_voting_rights_of_developing_countries_in_international_organizations,ECOSOC,1.8519
2018,data.Proportion_of_voting_rights_of_developing_countries_in_international_organizations,FSB,3.5088
2018,data.Proportion_of_voting_rights_of_developing_countries_in_international_organizations,IABD,0.004
2018,data.Proportion_of_voting_rights_of_developing_countries_in_international_organizations,IBRD,1.5856
2018,data.Proportion_of_voting_rights_of_developing_countries_in_international_organizations,IFC,1.0661
2018,data.Proportion_of_voting_rights_of_developing_countries_in_international_organizations,IMF,1.7349
2018,data.Proportion_of_voting_rights_of_developing_countries_in_international_organizations,UNGA,0.5181
2018,data.Proportion_of_voting_rights_of_developing_countries_in_international_organizations,WTO,0.6098
2019,data.Proportion_of_voting_rights_of_developing_countries_in_international_organizations,ADB,4.32782
2019,data.Proportion_of_voting_rights_of_developing_countries_in_international_organizations,AFDB,0.4916
2019,data.Proportion_of_voting_rights_of_developing_countries_in_international_organizations,ECOSOC,1.8519
2019,data.Proportion_of_voting_rights_of_developing_countries_in_international_organizations,FSB,3.5088
2019,data.Proportion_of_voting_rights_of_developing_countries_in_international_organizations,IABD,0.004
2019,data.Proportion_of_voting_rights_of_developing_countries_in_international_organizations,IBRD,1.5565
2019,data.Proportion_of_voting_rights_of_developing_countries_in_international_organizations,IFC,1.0589
2019,data.Proportion_of_voting_rights_of_developing_countries_in_international_organizations,IMF,1.73487
2019,data.Proportion_of_voting_rights_of_developing_countries_in_international_organizations,UNGA,0.5181
2019,data.Proportion_of_voting_rights_of_developing_countries_in_international_organizations,WTO,0.6098
2019,data.Proportion_of_voting_rights_of_developing_countries_in_international_organizations,ADB,4.32782
2019,data.Proportion_of_voting_rights_of_developing_countries_in_international_organizations,AFDB,0.4916
2019,data.Proportion_of_voting_rights_of_developing_countries_in_international_organizations,ECOSOC,1.8519
2019,data.Proportion_of_voting_rights_of_developing_countries_in_international_organizations,FSB,3.5088
2019,data.Proportion_of_voting_rights_of_developing_countries_in_international_organizations,IABD,0.004
2019,data.Proportion_of_voting_rights_of_developing_countries_in_international_organizations,IBRD,1.5565
2019,data.Proportion_of_voting_rights_of_developing_countries_in_international_organizations,IFC,1.0589
2019,data.Proportion_of_voting_rights_of_developing_countries_in_international_organizations,IMF,1.73487
2019,data.Proportion_of_voting_rights_of_developing_countries_in_international_organizations,UNGA,0.5181
2019,data.Proportion_of_voting_rights_of_developing_countries_in_international_organizations,WTO,0.6098
2020,data.Proportion_of_voting_rights_of_developing_countries_in_international_organizations,ECOSOC,1.85185
2020,data.Proportion_of_voting_rights_of_developing_countries_in_international_organizations,FSB,3.50877
2020,data.Proportion_of_voting_rights_of_developing_countries_in_international_organizations,IBRD,1.57527
2020,data.Proportion_of_voting_rights_of_developing_countries_in_international_organizations,IFC,1.0662157
2020,data.Proportion_of_voting_rights_of_developing_countries_in_international_organizations,IMF,1.73396
2020,data.Proportion_of_voting_rights_of_developing_countries_in_international_organizations,UNGA,0.5181
2020,data.Proportion_of_voting_rights_of_developing_countries_in_international_organizations,WTO,0.60976
2020,data.Proportion_of_voting_rights_of_developing_countries_in_international_organizations,ECOSOC,1.85185
2020,data.Proportion_of_voting_rights_of_developing_countries_in_international_organizations,FSB,3.50877
2020,data.Proportion_of_voting_rights_of_developing_countries_in_international_organizations,IBRD,1.57527
2020,data.Proportion_of_voting_rights_of_developing_countries_in_international_organizations,IFC,1.0662157
2020,data.Proportion_of_voting_rights_of_developing_countries_in_international_organizations,IMF,1.73396
2020,data.Proportion_of_voting_rights_of_developing_countries_in_international_organizations,UNGA,0.5181
2020,data.Proportion_of_voting_rights_of_developing_countries_in_international_organizations,WTO,0.60976
2021,data.Proportion_of_voting_rights_of_developing_countries_in_international_organizations,ECOSOC,1.85185
2021,data.Proportion_of_voting_rights_of_developing_countries_in_international_organizations,FSB,3.44827586206897
2021,data.Proportion_of_voting_rights_of_developing_countries_in_international_organizations,IBRD,1.63745303045091
2021,data.Proportion_of_voting_rights_of_developing_countries_in_international_organizations,IFC,1.11994697577585
2021,data.Proportion_of_voting_rights_of_developing_countries_in_international_organizations,IMF,1.73188913338082
2021,data.Proportion_of_voting_rights_of_developing_countries_in_international_organizations,UNGA,0.51813
2021,data.Proportion_of_voting_rights_of_developing_countries_in_international_organizations,WTO,0.60976
2021,data.Proportion_of_voting_rights_of_developing_countries_in_international_organizations,ECOSOC,1.85185
2021,data.Proportion_of_voting_rights_of_developing_countries_in_international_organizations,FSB,3.44827586206897
2021,data.Proportion_of_voting_rights_of_developing_countries_in_international_organizations,IBRD,1.63745303045091
2021,data.Proportion_of_voting_rights_of_developing_countries_in_international_organizations,IFC,1.11994697577585
2021,data.Proportion_of_voting_rights_of_developing_countries_in_international_organizations,IMF,1.73188913338082
2021,data.Proportion_of_voting_rights_of_developing_countries_in_international_organizations,UNGA,0.51813
2021,data.Proportion_of_voting_rights_of_developing_countries_in_international_organizations,WTO,0.60976
