﻿Year,data.category,Value
2013,data.Refugees_request,1574
2014,data.Refugees_request,2896
2015,data.Refugees_request,5711
2016,data.Refugees_request,7541
2017,data.Refugees_request,9942
2018,data.Refugees_request,16173
2019,data.Refugees_request,15451
2013,data.Refugees_recognized,57
2014,data.Refugees_recognized,94
2015,data.Refugees_recognized,105
2016,data.Refugees_recognized,98
2017,data.Refugees_recognized,121
2018,data.Refugees_recognized,144
2019,data.Refugees_recognized,79
2020,data.Refugees_request,6684
2020,data.Refugees_recognized,69
