﻿Year,data.category,Value
2015,data.Parties_meeting_their_commitments_and_obligations_in_transmitting_information_as_required_by_Basel_Convention_on_hazardous_waste_and_other_chemicals,16.66667
2015,data.Parties_meeting_their_commitments_and_obligations_in_transmitting_information_as_required_by_Montreal_Protocol_on_hazardous_waste_and_other_chemicals,100.0
2015,data.Parties_meeting_their_commitments_and_obligations_in_transmitting_information_as_required_by_Rotterdam_Convention_on_hazardous_waste_and_other_chemicals,72.54902
2015,data.Parties_meeting_their_commitments_and_obligations_in_transmitting_information_as_required_by_Stockholm_Convention_on_hazardous_waste_and_other_chemicals,33.33333
2020,data.Parties_meeting_their_commitments_and_obligations_in_transmitting_information_as_required_by_Basel_Convention_on_hazardous_waste_and_other_chemicals,20.0
2020,data.Parties_meeting_their_commitments_and_obligations_in_transmitting_information_as_required_by_Montreal_Protocol_on_hazardous_waste_and_other_chemicals,100.0
2020,data.Parties_meeting_their_commitments_and_obligations_in_transmitting_information_as_required_by_Rotterdam_Convention_on_hazardous_waste_and_other_chemicals,67.24
2020,data.Parties_meeting_their_commitments_and_obligations_in_transmitting_information_as_required_by_Stockholm_Convention_on_hazardous_waste_and_other_chemicals,50.0
