Year,Units,data.Fisheries_type,Value
2000,data.Production,,2514225
2001,data.Production,,2665124
2002,data.Production,,2476188
2003,data.Production,,2487042
2004,data.Production,,2519101
2005,data.Production,,2714050
2006,data.Production,,3032116
2007,data.Production,,3274823
2008,data.Production,,3361255
2009,data.Production,,3182342
2010,data.Production,,3110634
2011,data.Production,,3255929
2012,data.Production,,3183424
2013,data.Production,,3135250
2014,data.Production,,3304228
2015,data.Production,,3337383
2016,data.Production,,3269432
2017,data.Production,,3724711
2018,data.Production,,3770057
2019,data.Production,,3860969
2020 p),data.Production,,3712518
2000,data.Production_amount_of_money,,4066447411
2001,data.Production_amount_of_money,,4252897861
2002,data.Production_amount_of_money,,4205241656
2003,data.Production_amount_of_money,,4770818670
2004,data.Production_amount_of_money,,4731322329
2005,data.Production_amount_of_money,,5049321385
2006,data.Production_amount_of_money,,5285860057
2007,data.Production_amount_of_money,,5751945576
2008,data.Production_amount_of_money,,6345058101
2009,data.Production_amount_of_money,,6924248502
2010,data.Production_amount_of_money,,7425685572
2011,data.Production_amount_of_money,,8072860450
2012,data.Production_amount_of_money,,7689050760
2013,data.Production_amount_of_money,,7226886951
2014,data.Production_amount_of_money,,7351991851
2015,data.Production_amount_of_money,,7257464629
2016,data.Production_amount_of_money,,7476747061
2017,data.Production_amount_of_money,,8566870876
2018,data.Production_amount_of_money,,8608418348
2019,data.Production_amount_of_money,,8366328166
2020 p),data.Production_amount_of_money,,8758203427
2000,data.Production,data.General_fishery,1189000
2001,data.Production,data.General_fishery,1252099
2002,data.Production,data.General_fishery,1095812
2003,data.Production,data.General_fishery,1096526
2004,data.Production,data.General_fishery,1076687
2005,data.Production,data.General_fishery,1097041
2006,data.Production,data.General_fishery,1108815
2007,data.Production,data.General_fishery,1152299
2008,data.Production,data.General_fishery,1284890
2009,data.Production,data.General_fishery,1226966
2010,data.Production,data.General_fishery,1132536
2011,data.Production,data.General_fishery,1235489
2012,data.Production,data.General_fishery,1091034
2013,data.Production,data.General_fishery,1044697
2014,data.Production,data.General_fishery,1058598
2015,data.Production,data.General_fishery,1058319
2016,data.Production,data.General_fishery,907580
2017,data.Production,data.General_fishery,926941
2018,data.Production,data.General_fishery,1011536
2019,data.Production,data.General_fishery,911852
2020 p),data.Production,data.General_fishery,932308
2000,data.Production,data.Shallow_sea_fishery,653373
2001,data.Production,data.Shallow_sea_fishery,655827
2002,data.Production,data.Shallow_sea_fishery,781519
2003,data.Production,data.Shallow_sea_fishery,826245
2004,data.Production,data.Shallow_sea_fishery,917715
2005,data.Production,data.Shallow_sea_fishery,1041074
2006,data.Production,data.Shallow_sea_fishery,1259274
2007,data.Production,data.Shallow_sea_fishery,1385804
2008,data.Production,data.Shallow_sea_fishery,1381003
2009,data.Production,data.Shallow_sea_fishery,1313355
2010,data.Production,data.Shallow_sea_fishery,1355000
2011,data.Production,data.Shallow_sea_fishery,1477546
2012,data.Production,data.Shallow_sea_fishery,1488950
2013,data.Production,data.Shallow_sea_fishery,1515210
2014,data.Production,data.Shallow_sea_fishery,1546715
2015,data.Production,data.Shallow_sea_fishery,1667872
2016,data.Production,data.Shallow_sea_fishery,1872400
2017,data.Production,data.Shallow_sea_fishery,2315775
2018,data.Production,data.Shallow_sea_fishery,2249605
2019,data.Production,data.Shallow_sea_fishery,2410040
2020 p),data.Production,data.Shallow_sea_fishery,2309271
2000,data.Production,data.Deep_sea_fishery,651267
2001,data.Production,data.Deep_sea_fishery,739057
2002,data.Production,data.Deep_sea_fishery,580346
2003,data.Production,data.Deep_sea_fishery,544591
2004,data.Production,data.Deep_sea_fishery,499400
2005,data.Production,data.Deep_sea_fishery,552096
2006,data.Production,data.Deep_sea_fishery,639184
2007,data.Production,data.Deep_sea_fishery,709960
2008,data.Production,data.Deep_sea_fishery,666182
2009,data.Production,data.Deep_sea_fishery,611950
2010,data.Production,data.Deep_sea_fishery,592116
2011,data.Production,data.Deep_sea_fishery,510624
2012,data.Production,data.Deep_sea_fishery,575308
2013,data.Production,data.Deep_sea_fishery,549928
2014,data.Production,data.Deep_sea_fishery,669140
2015,data.Production,data.Deep_sea_fishery,578137
2016,data.Production,data.Deep_sea_fishery,454053
2017,data.Production,data.Deep_sea_fishery,445726
2018,data.Production,data.Deep_sea_fishery,473589
2019,data.Production,data.Deep_sea_fishery,503795
2020 p),data.Production,data.Deep_sea_fishery,437005
2000,data.Production,data.Inland_fishery,20585
2001,data.Production,data.Inland_fishery,18141
2002,data.Production,data.Inland_fishery,18511
2003,data.Production,data.Inland_fishery,19680
2004,data.Production,data.Inland_fishery,25299
2005,data.Production,data.Inland_fishery,23839
2006,data.Production,data.Inland_fishery,24843
2007,data.Production,data.Inland_fishery,26760
2008,data.Production,data.Inland_fishery,29180
2009,data.Production,data.Inland_fishery,30071
2010,data.Production,data.Inland_fishery,30982
2011,data.Production,data.Inland_fishery,32270
2012,data.Production,data.Inland_fishery,28131
2013,data.Production,data.Inland_fishery,25414
2014,data.Production,data.Inland_fishery,29774
2015,data.Production,data.Inland_fishery,33055
2016,data.Production,data.Inland_fishery,35400
2017,data.Production,data.Inland_fishery,36270
2018,data.Production,data.Inland_fishery,35326
2019,data.Production,data.Inland_fishery,35282
2020 p),data.Production,data.Inland_fishery,33935
2000,data.Production_amount_of_money,data.General_fishery,2329483389
2001,data.Production_amount_of_money,data.General_fishery,2468308722
2002,data.Production_amount_of_money,data.General_fishery,2487006174
2003,data.Production_amount_of_money,data.General_fishery,2405810605
2004,data.Production_amount_of_money,data.General_fishery,2609717094
2005,data.Production_amount_of_money,data.General_fishery,2705954841
2006,data.Production_amount_of_money,data.General_fishery,2751251398
2007,data.Production_amount_of_money,data.General_fishery,2939109483
2008,data.Production_amount_of_money,data.General_fishery,3222256094
2009,data.Production_amount_of_money,data.General_fishery,3640436977
2010,data.Production_amount_of_money,data.General_fishery,3911681208
2011,data.Production_amount_of_money,data.General_fishery,4444105662
2012,data.Production_amount_of_money,data.General_fishery,3951034494
2013,data.Production_amount_of_money,data.General_fishery,3747606556
2014,data.Production_amount_of_money,data.General_fishery,3772938822
2015,data.Production_amount_of_money,data.General_fishery,3702306439
2016,data.Production_amount_of_money,data.General_fishery,3635893251
2017,data.Production_amount_of_money,data.General_fishery,4014055960
2018,data.Production_amount_of_money,data.General_fishery,4136066330
2019,data.Production_amount_of_money,data.General_fishery,3957149057
2020 p),data.Production_amount_of_money,data.General_fishery,4366895747
2000,data.Production_amount_of_money,data.Shallow_sea_fishery,683855951
2001,data.Production_amount_of_money,data.Shallow_sea_fishery,717162507
2002,data.Production_amount_of_money,data.Shallow_sea_fishery,794517120
2003,data.Production_amount_of_money,data.Shallow_sea_fishery,1165674921
2004,data.Production_amount_of_money,data.Shallow_sea_fishery,1217104552
2005,data.Production_amount_of_money,data.Shallow_sea_fishery,1348407375
2006,data.Production_amount_of_money,data.Shallow_sea_fishery,1443168636
2007,data.Production_amount_of_money,data.Shallow_sea_fishery,1599541644
2008,data.Production_amount_of_money,data.Shallow_sea_fishery,1520122116
2009,data.Production_amount_of_money,data.Shallow_sea_fishery,1846310734
2010,data.Production_amount_of_money,data.Shallow_sea_fishery,1815645793
2011,data.Production_amount_of_money,data.Shallow_sea_fishery,1784244398
2012,data.Production_amount_of_money,data.Shallow_sea_fishery,1759270530
2013,data.Production_amount_of_money,data.Shallow_sea_fishery,1725808966
2014,data.Production_amount_of_money,data.Shallow_sea_fishery,1931720090
2015,data.Production_amount_of_money,data.Shallow_sea_fishery,2123938465
2016,data.Production_amount_of_money,data.Shallow_sea_fishery,2345544257
2017,data.Production_amount_of_money,data.Shallow_sea_fishery,2960014603
2018,data.Production_amount_of_money,data.Shallow_sea_fishery,2880673105
2019,data.Production_amount_of_money,data.Shallow_sea_fishery,2805298312
2020 p),data.Production_amount_of_money,data.Shallow_sea_fishery,2903049881
2000,data.Production_amount_of_money,data.Deep_sea_fishery,929666868
2001,data.Production_amount_of_money,data.Deep_sea_fishery,964125161
2002,data.Production_amount_of_money,data.Deep_sea_fishery,809405519
2003,data.Production_amount_of_money,data.Deep_sea_fishery,1072613948
2004,data.Production_amount_of_money,data.Deep_sea_fishery,737288543
2005,data.Production_amount_of_money,data.Deep_sea_fishery,819231699
2006,data.Production_amount_of_money,data.Deep_sea_fishery,891030682
2007,data.Production_amount_of_money,data.Deep_sea_fishery,990205151
2008,data.Production_amount_of_money,data.Deep_sea_fishery,1327394939
2009,data.Production_amount_of_money,data.Deep_sea_fishery,1163750724
2010,data.Production_amount_of_money,data.Deep_sea_fishery,1364524490
2011,data.Production_amount_of_money,data.Deep_sea_fishery,1467044368
2012,data.Production_amount_of_money,data.Deep_sea_fishery,1655406229
2013,data.Production_amount_of_money,data.Deep_sea_fishery,1408034170
2014,data.Production_amount_of_money,data.Deep_sea_fishery,1275222255
2015,data.Production_amount_of_money,data.Deep_sea_fishery,1023738173
2016,data.Production_amount_of_money,data.Deep_sea_fishery,1077762729
2017,data.Production_amount_of_money,data.Deep_sea_fishery,1134303285
2018,data.Production_amount_of_money,data.Deep_sea_fishery,1130696582
2019,data.Production_amount_of_money,data.Deep_sea_fishery,1119095801
2020 p),data.Production_amount_of_money,data.Deep_sea_fishery,1044177593
2000,data.Production_amount_of_money,data.Inland_fishery,123441203
2001,data.Production_amount_of_money,data.Inland_fishery,103301471
2002,data.Production_amount_of_money,data.Inland_fishery,114312843
2003,data.Production_amount_of_money,data.Inland_fishery,126719196
2004,data.Production_amount_of_money,data.Inland_fishery,167212140
2005,data.Production_amount_of_money,data.Inland_fishery,175727470
2006,data.Production_amount_of_money,data.Inland_fishery,200409341
2007,data.Production_amount_of_money,data.Inland_fishery,223089298
2008,data.Production_amount_of_money,data.Inland_fishery,275284952
2009,data.Production_amount_of_money,data.Inland_fishery,273750067
2010,data.Production_amount_of_money,data.Inland_fishery,333834081
2011,data.Production_amount_of_money,data.Inland_fishery,377466022
2012,data.Production_amount_of_money,data.Inland_fishery,323339507
2013,data.Production_amount_of_money,data.Inland_fishery,345437258
2014,data.Production_amount_of_money,data.Inland_fishery,372110685
2015,data.Production_amount_of_money,data.Inland_fishery,407481551
2016,data.Production_amount_of_money,data.Inland_fishery,417546823
2017,data.Production_amount_of_money,data.Inland_fishery,458497028
2018,data.Production_amount_of_money,data.Inland_fishery,460982330
2019,data.Production_amount_of_money,data.Inland_fishery,484784996
2020 p),data.Production_amount_of_money,data.Inland_fishery,444080207
