﻿Year,data.category,data.Type_of_product,Value
2005,data.most-favoured-nation_status,data.Agricultural_products,86.03
2010,data.most-favoured-nation_status,data.Agricultural_products,81.91
2015,data.most-favoured-nation_status,data.Agricultural_products,81.16
2016,data.most-favoured-nation_status,data.Agricultural_products,84.76
2017,data.most-favoured-nation_status,data.Agricultural_products,71.62
2018,data.most-favoured-nation_status,data.Agricultural_products,71.62
2019,data.most-favoured-nation_status,data.Agricultural_products,79.48
2020,data.most-favoured-nation_status,data.Agricultural_products,73.6333
2021,data.most-favoured-nation_status,data.Agricultural_products,89.0878
2005,data.most-favoured-nation_status,data.Total_or_no_breakdown,7.9
2010,data.most-favoured-nation_status,data.Total_or_no_breakdown,7.2
2015,data.most-favoured-nation_status,data.Total_or_no_breakdown,8.71
2016,data.most-favoured-nation_status,data.Total_or_no_breakdown,8.69
2017,data.most-favoured-nation_status,data.Total_or_no_breakdown,8.58
2018,data.most-favoured-nation_status,data.Total_or_no_breakdown,8.58
2019,data.most-favoured-nation_status,data.Total_or_no_breakdown,9.03
2020,data.most-favoured-nation_status,data.Total_or_no_breakdown,9.5737
2021,data.most-favoured-nation_status,data.Total_or_no_breakdown,8.5644
2005,data.most-favoured-nation_status,data.Arms,0.09
2010,data.most-favoured-nation_status,data.Arms,0.09
2015,data.most-favoured-nation_status,data.Arms,0.23
2016,data.most-favoured-nation_status,data.Arms,0.24
2017,data.most-favoured-nation_status,data.Arms,0.26
2018,data.most-favoured-nation_status,data.Arms,0.26
2019,data.most-favoured-nation_status,data.Arms,4.85
2020,data.most-favoured-nation_status,data.Arms,0.0611
2021,data.most-favoured-nation_status,data.Arms,0.3701
2005,data.most-favoured-nation_status,data.Clothing,12.85
2010,data.most-favoured-nation_status,data.Clothing,12.8
2015,data.most-favoured-nation_status,data.Clothing,12.84
2016,data.most-favoured-nation_status,data.Clothing,12.87
2017,data.most-favoured-nation_status,data.Clothing,12.83
2018,data.most-favoured-nation_status,data.Clothing,12.83
2019,data.most-favoured-nation_status,data.Clothing,12.85
2020,data.most-favoured-nation_status,data.Clothing,12.8321
2021,data.most-favoured-nation_status,data.Clothing,12.8413
2005,data.most-favoured-nation_status,data.Industrial_products,4.02
2010,data.most-favoured-nation_status,data.Industrial_products,3.75
2015,data.most-favoured-nation_status,data.Industrial_products,4.22
2016,data.most-favoured-nation_status,data.Industrial_products,3.86
2017,data.most-favoured-nation_status,data.Industrial_products,4.92
2018,data.most-favoured-nation_status,data.Industrial_products,4.92
2019,data.most-favoured-nation_status,data.Industrial_products,4.79
2020,data.most-favoured-nation_status,data.Industrial_products,5.2548
2021,data.most-favoured-nation_status,data.Industrial_products,3.3257
2005,data.most-favoured-nation_status,data.Oil,5.0
2010,data.most-favoured-nation_status,data.Oil,3.0
2015,data.most-favoured-nation_status,data.Oil,3.0
2016,data.most-favoured-nation_status,data.Oil,3.0
2017,data.most-favoured-nation_status,data.Oil,3.0
2018,data.most-favoured-nation_status,data.Oil,3.0
2019,data.most-favoured-nation_status,data.Oil,3.0
2020,data.most-favoured-nation_status,data.Oil,3.0
2021,data.most-favoured-nation_status,data.Oil,3.0
2005,data.most-favoured-nation_status,data.Textiles,8.52
2010,data.most-favoured-nation_status,data.Textiles,8.08
2015,data.most-favoured-nation_status,data.Textiles,8.23
2016,data.most-favoured-nation_status,data.Textiles,8.26
2017,data.most-favoured-nation_status,data.Textiles,8.25
2018,data.most-favoured-nation_status,data.Textiles,8.25
2019,data.most-favoured-nation_status,data.Textiles,8.29
2020,data.most-favoured-nation_status,data.Textiles,8.3553
2021,data.most-favoured-nation_status,data.Textiles,7.7729
2005,data.preferencial_status,data.Agricultural_products,85.92
2010,data.preferencial_status,data.Agricultural_products,81.35
2015,data.preferencial_status,data.Agricultural_products,68.04
2016,data.preferencial_status,data.Agricultural_products,72.26
2017,data.preferencial_status,data.Agricultural_products,52.19
2018,data.preferencial_status,data.Agricultural_products,49.71
2019,data.preferencial_status,data.Agricultural_products,61.11
2020,data.preferencial_status,data.Agricultural_products,52.7998
2021,data.preferencial_status,data.Agricultural_products,66.6239
2005,data.preferencial_status,data.Total_or_no_breakdown,7.86
2010,data.preferencial_status,data.Total_or_no_breakdown,6.88
2015,data.preferencial_status,data.Total_or_no_breakdown,6.07
2016,data.preferencial_status,data.Total_or_no_breakdown,6.65
2017,data.preferencial_status,data.Total_or_no_breakdown,4.9
2018,data.preferencial_status,data.Total_or_no_breakdown,4.68
2019,data.preferencial_status,data.Total_or_no_breakdown,5.23
2020,data.preferencial_status,data.Total_or_no_breakdown,4.8469
2021,data.preferencial_status,data.Total_or_no_breakdown,5.1157
2005,data.preferencial_status,data.Arms,0.09
2010,data.preferencial_status,data.Arms,0.09
2015,data.preferencial_status,data.Arms,0.01
2016,data.preferencial_status,data.Arms,0.01
2017,data.preferencial_status,data.Arms,0.004
2018,data.preferencial_status,data.Arms,0.004
2019,data.preferencial_status,data.Arms,4.78
2020,data.preferencial_status,data.Arms,0.0007
2021,data.preferencial_status,data.Arms,0.0018
2005,data.preferencial_status,data.Clothing,11.69
2010,data.preferencial_status,data.Clothing,10.17
2015,data.preferencial_status,data.Clothing,5.3
2016,data.preferencial_status,data.Clothing,5.75
2017,data.preferencial_status,data.Clothing,3.74
2018,data.preferencial_status,data.Clothing,3.45
2019,data.preferencial_status,data.Clothing,3.17
2020,data.preferencial_status,data.Clothing,2.5463
2021,data.preferencial_status,data.Clothing,2.5514
2005,data.preferencial_status,data.Industrial_products,3.99
2010,data.preferencial_status,data.Industrial_products,3.42
2015,data.preferencial_status,data.Industrial_products,2.07
2016,data.preferencial_status,data.Industrial_products,2.4
2017,data.preferencial_status,data.Industrial_products,1.94
2018,data.preferencial_status,data.Industrial_products,1.86
2019,data.preferencial_status,data.Industrial_products,1.63
2020,data.preferencial_status,data.Industrial_products,1.4321
2021,data.preferencial_status,data.Industrial_products,1.0493
2005,data.preferencial_status,data.Oil,5.0
2010,data.preferencial_status,data.Oil,2.99
2015,data.preferencial_status,data.Oil,2.83
2016,data.preferencial_status,data.Oil,2.9
2017,data.preferencial_status,data.Oil,2.78
2018,data.preferencial_status,data.Oil,2.77
2019,data.preferencial_status,data.Oil,2.55
2020,data.preferencial_status,data.Oil,2.5191
2021,data.preferencial_status,data.Oil,2.4191
2005,data.preferencial_status,data.Textiles,8.45
2010,data.preferencial_status,data.Textiles,7.02
2015,data.preferencial_status,data.Textiles,4.66
2016,data.preferencial_status,data.Textiles,5.22
2017,data.preferencial_status,data.Textiles,3.51
2018,data.preferencial_status,data.Textiles,3.26
2019,data.preferencial_status,data.Textiles,3.14
2020,data.preferencial_status,data.Textiles,2.8639
2021,data.preferencial_status,data.Textiles,2.4817
