Year,data.category,Value
2018,data.Extent_of_use_of_country-owned_results_frameworks_and_planning_tools_by_providers_of_development_cooperation_-_data_by_provider_(%)_,52.29508877
2018,data.Proportion_of_project_objectives_of_new_development_interventions_drawn_from_country-led_result_frameworks_-_data_by_provider_(%),89.74359
2018,data.Proportion_of_results_indicators_drawn_from_country-led_results_frameworks_-_data_by_provider_(%),39.20455
2018,data.Proportion_of_results_indicators_which_will_be_monitored_using_government_sources_and_monitoring_systems_-_data_by_provider_(%),27.93713
