Year,Units,Value
2015,data.Countries with birth registration data that are at least 90 percent complete (1 = YES; 0 = NO),1
2016,data.Countries with birth registration data that are at least 90 percent complete (1 = YES; 0 = NO),1
2017,data.Countries with birth registration data that are at least 90 percent complete (1 = YES; 0 = NO),1
2018,data.Countries with birth registration data that are at least 90 percent complete (1 = YES; 0 = NO),1
2019,data.Countries with birth registration data that are at least 90 percent complete (1 = YES; 0 = NO),1
2015,data.Countries_that_have_conducted_at_least_one_population_and_housing_census_in_the_last_10_years_(1_=_YES;_0_=_NO),1
2015,data.Countries_with_death_registration_data_that_are_at_least_75_percent_complete_(1_=_YES;_0_=_NO),1
2016,data.Countries_with_death_registration_data_that_are_at_least_75_percent_complete_(1_=_YES;_0_=_NO),1
2017,data.Countries_with_death_registration_data_that_are_at_least_75_percent_complete_(1_=_YES;_0_=_NO),1
2018,data.Countries_with_death_registration_data_that_are_at_least_75_percent_complete_(1_=_YES;_0_=_NO),1
2019,data.Countries_with_death_registration_data_that_are_at_least_75_percent_complete_(1_=_YES;_0_=_NO),1
