Year,data.Cause_of_death,data.Sex,Value
2000,data.Cancer,,13.7
2000,data.Cancer,data.Male,15.0
2000,data.Cancer,data.Female,12.4
2000,data.Diabetes,,22.7
2000,data.Diabetes,data.Male,22.6
2000,data.Diabetes,data.Female,22.8
2000,data.Cardiovascular_diseases,,0.3
2000,data.Cardiovascular_diseases,data.Male,0.2
2000,data.Cardiovascular_diseases,data.Female,0.5
2000,data.Chronic_respiratory_diseases,,34.0
2000,data.Chronic_respiratory_diseases,data.Male,38.7
2000,data.Chronic_respiratory_diseases,data.Female,29.3
2001,data.Cancer,,14.4
2001,data.Cancer,data.Male,15.7
2001,data.Cancer,data.Female,13.0
2001,data.Diabetes,,23.9
2001,data.Diabetes,data.Male,23.6
2001,data.Diabetes,data.Female,24.3
2001,data.Cardiovascular_diseases,,0.3
2001,data.Cardiovascular_diseases,data.Male,0.2
2001,data.Cardiovascular_diseases,data.Female,0.5
2001,data.Chronic_respiratory_diseases,,32.9
2001,data.Chronic_respiratory_diseases,data.Male,37.8
2001,data.Chronic_respiratory_diseases,data.Female,27.9
2002,data.Cancer,,14.9
2002,data.Cancer,data.Male,15.7
2002,data.Cancer,data.Female,14.0
2002,data.Diabetes,,25.2
2002,data.Diabetes,data.Male,24.4
2002,data.Diabetes,data.Female,26.1
2002,data.Cardiovascular_diseases,,0.6
2002,data.Cardiovascular_diseases,data.Male,0.5
2002,data.Cardiovascular_diseases,data.Female,0.7
2002,data.Chronic_respiratory_diseases,,34.7
2002,data.Chronic_respiratory_diseases,data.Male,38.7
2002,data.Chronic_respiratory_diseases,data.Female,30.6
2003,data.Cancer,,15.1
2003,data.Cancer,data.Male,16.1
2003,data.Cancer,data.Female,14.0
2003,data.Diabetes,,25.2
2003,data.Diabetes,data.Male,24.9
2003,data.Diabetes,data.Female,25.4
2003,data.Cardiovascular_diseases,,0.7
2003,data.Cardiovascular_diseases,data.Male,0.5
2003,data.Cardiovascular_diseases,data.Female,0.8
2003,data.Chronic_respiratory_diseases,,30.1
2003,data.Chronic_respiratory_diseases,data.Male,34.2
2003,data.Chronic_respiratory_diseases,data.Female,26.0
2004,data.Cancer,,15.3
2004,data.Cancer,data.Male,16.7
2004,data.Cancer,data.Female,13.9
2004,data.Diabetes,,24.4
2004,data.Diabetes,data.Male,24.2
2004,data.Diabetes,data.Female,24.6
2004,data.Cardiovascular_diseases,,0.6
2004,data.Cardiovascular_diseases,data.Male,0.5
2004,data.Cardiovascular_diseases,data.Female,0.7
2004,data.Chronic_respiratory_diseases,,29.5
2004,data.Chronic_respiratory_diseases,data.Male,35.8
2004,data.Chronic_respiratory_diseases,data.Female,23.2
2005,data.Cancer,,15.0
2005,data.Cancer,data.Male,16.2
2005,data.Cancer,data.Female,13.9
2005,data.Diabetes,,24.3
2005,data.Diabetes,data.Male,24.5
2005,data.Diabetes,data.Female,24.2
2005,data.Cardiovascular_diseases,,0.6
2005,data.Cardiovascular_diseases,data.Male,0.5
2005,data.Cardiovascular_diseases,data.Female,0.7
2005,data.Chronic_respiratory_diseases,,29.4
2005,data.Chronic_respiratory_diseases,data.Male,34.6
2005,data.Chronic_respiratory_diseases,data.Female,24.2
2006,data.Cancer,,15.2
2006,data.Cancer,data.Male,16.4
2006,data.Cancer,data.Female,13.9
2006,data.Diabetes,,23.8
2006,data.Diabetes,data.Male,23.8
2006,data.Diabetes,data.Female,23.8
2006,data.Cardiovascular_diseases,,0.6
2006,data.Cardiovascular_diseases,data.Male,0.4
2006,data.Cardiovascular_diseases,data.Female,0.7
2006,data.Chronic_respiratory_diseases,,29.3
2006,data.Chronic_respiratory_diseases,data.Male,34.6
2006,data.Chronic_respiratory_diseases,data.Female,24.0
2007,data.Cancer,,16.4
2007,data.Cancer,data.Male,17.6
2007,data.Cancer,data.Female,15.1
2007,data.Diabetes,,23.1
2007,data.Diabetes,data.Male,23.2
2007,data.Diabetes,data.Female,22.9
2007,data.Cardiovascular_diseases,,0.5
2007,data.Cardiovascular_diseases,data.Male,0.3
2007,data.Cardiovascular_diseases,data.Female,0.7
2007,data.Chronic_respiratory_diseases,,30.5
2007,data.Chronic_respiratory_diseases,data.Male,35.4
2007,data.Chronic_respiratory_diseases,data.Female,25.5
2008,data.Cancer,,17.1
2008,data.Cancer,data.Male,19.1
2008,data.Cancer,data.Female,15.2
2008,data.Diabetes,,20.7
2008,data.Diabetes,data.Male,20.9
2008,data.Diabetes,data.Female,20.5
2008,data.Cardiovascular_diseases,,0.5
2008,data.Cardiovascular_diseases,data.Male,0.3
2008,data.Cardiovascular_diseases,data.Female,0.6
2008,data.Chronic_respiratory_diseases,,32.4
2008,data.Chronic_respiratory_diseases,data.Male,37.4
2008,data.Chronic_respiratory_diseases,data.Female,27.4
2009,data.Cancer,,17.0
2009,data.Cancer,data.Male,18.5
2009,data.Cancer,data.Female,15.6
2009,data.Diabetes,,19.6
2009,data.Diabetes,data.Male,19.9
2009,data.Diabetes,data.Female,19.4
2009,data.Cardiovascular_diseases,,0.4
2009,data.Cardiovascular_diseases,data.Male,0.2
2009,data.Cardiovascular_diseases,data.Female,0.5
2009,data.Chronic_respiratory_diseases,,34.3
2009,data.Chronic_respiratory_diseases,data.Male,39.5
2009,data.Chronic_respiratory_diseases,data.Female,29.0
2010,data.Cancer,,17.6
2010,data.Cancer,data.Male,19.4
2010,data.Cancer,data.Female,15.9
2010,data.Diabetes,,20.7
2010,data.Diabetes,data.Male,21.0
2010,data.Diabetes,data.Female,20.5
2010,data.Cardiovascular_diseases,,0.4
2010,data.Cardiovascular_diseases,data.Male,0.3
2010,data.Cardiovascular_diseases,data.Female,0.5
2010,data.Chronic_respiratory_diseases,,37.1
2010,data.Chronic_respiratory_diseases,data.Male,42.6
2010,data.Chronic_respiratory_diseases,data.Female,31.7
2011,data.Cancer,,16.5
2011,data.Cancer,data.Male,17.7
2011,data.Cancer,data.Female,15.3
2011,data.Diabetes,,21.5
2011,data.Diabetes,data.Male,22.1
2011,data.Diabetes,data.Female,20.9
2011,data.Cardiovascular_diseases,,0.4
2011,data.Cardiovascular_diseases,data.Male,0.2
2011,data.Cardiovascular_diseases,data.Female,0.6
2011,data.Chronic_respiratory_diseases,,39.8
2011,data.Chronic_respiratory_diseases,data.Male,45.0
2011,data.Chronic_respiratory_diseases,data.Female,34.6
2012,data.Cancer,,16.6
2012,data.Cancer,data.Male,17.7
2012,data.Cancer,data.Female,15.4
2012,data.Diabetes,,23.0
2012,data.Diabetes,data.Male,23.2
2012,data.Diabetes,data.Female,22.7
2012,data.Cardiovascular_diseases,,0.5
2012,data.Cardiovascular_diseases,data.Male,0.2
2012,data.Cardiovascular_diseases,data.Female,0.7
2012,data.Chronic_respiratory_diseases,,45.2
2012,data.Chronic_respiratory_diseases,data.Male,50.4
2012,data.Chronic_respiratory_diseases,data.Female,40.1
2013,data.Cancer,,17.1
2013,data.Cancer,data.Male,18.2
2013,data.Cancer,data.Female,16.0
2013,data.Diabetes,,21.5
2013,data.Diabetes,data.Male,21.3
2013,data.Diabetes,data.Female,21.8
2013,data.Cardiovascular_diseases,,0.3
2013,data.Cardiovascular_diseases,data.Male,0.2
2013,data.Cardiovascular_diseases,data.Female,0.5
2013,data.Chronic_respiratory_diseases,,44.5
2013,data.Chronic_respiratory_diseases,data.Male,49.4
2013,data.Chronic_respiratory_diseases,data.Female,39.6
2014,data.Cancer,,17.4
2014,data.Cancer,data.Male,18.5
2014,data.Cancer,data.Female,16.3
2014,data.Diabetes,,20.7
2014,data.Diabetes,data.Male,20.8
2014,data.Diabetes,data.Female,20.7
2014,data.Cardiovascular_diseases,,0.3
2014,data.Cardiovascular_diseases,data.Male,0.2
2014,data.Cardiovascular_diseases,data.Female,0.5
2014,data.Chronic_respiratory_diseases,,47.6
2014,data.Chronic_respiratory_diseases,data.Male,53.4
2014,data.Chronic_respiratory_diseases,data.Female,41.8
2015,data.Cancer,,17.8
2015,data.Cancer,data.Male,19.3
2015,data.Cancer,data.Female,16.3
2015,data.Diabetes,,20.7
2015,data.Diabetes,data.Male,20.6
2015,data.Diabetes,data.Female,20.8
2015,data.Cardiovascular_diseases,,0.3
2015,data.Cardiovascular_diseases,data.Male,0.2
2015,data.Cardiovascular_diseases,data.Female,0.4
2015,data.Chronic_respiratory_diseases,,54.6
2015,data.Chronic_respiratory_diseases,data.Male,60.9
2015,data.Chronic_respiratory_diseases,data.Female,48.2
2016,data.Cancer,,18.6
2016,data.Cancer,data.Male,20.0
2016,data.Cancer,data.Female,17.3
2016,data.Diabetes,,19.2
2016,data.Diabetes,data.Male,19.2
2016,data.Diabetes,data.Female,19.2
2016,data.Cardiovascular_diseases,,0.3
2016,data.Cardiovascular_diseases,data.Male,0.2
2016,data.Cardiovascular_diseases,data.Female,0.4
2016,data.Chronic_respiratory_diseases,,57.5
2016,data.Chronic_respiratory_diseases,data.Male,64.2
2016,data.Chronic_respiratory_diseases,data.Female,50.8
2017,data.Cancer,,19.7
2017,data.Cancer,data.Male,21.3
2017,data.Cancer,data.Female,18.1
2017,data.Diabetes,,17.9
2017,data.Diabetes,data.Male,17.6
2017,data.Diabetes,data.Female,18.2
2017,data.Cardiovascular_diseases,,0.4
2017,data.Cardiovascular_diseases,data.Male,0.3
2017,data.Cardiovascular_diseases,data.Female,0.5
2017,data.Chronic_respiratory_diseases,,63.7
2017,data.Chronic_respiratory_diseases,data.Male,70.9
2017,data.Chronic_respiratory_diseases,data.Female,56.6
2018,data.Cancer,,20.3
2018,data.Cancer,data.Male,21.9
2018,data.Cancer,data.Female,18.7
2018,data.Diabetes,,17.1
2018,data.Diabetes,data.Male,17.3
2018,data.Diabetes,data.Female,17.0
2018,data.Cardiovascular_diseases,,0.3
2018,data.Cardiovascular_diseases,data.Male,0.2
2018,data.Cardiovascular_diseases,data.Female,0.4
2018,data.Chronic_respiratory_diseases,,73.6
2018,data.Chronic_respiratory_diseases,data.Male,81.2
2018,data.Chronic_respiratory_diseases,data.Female,66.1
2019,data.Cancer,,20.5
2019,data.Cancer,data.Male,22.2
2019,data.Cancer,data.Female,18.7
2019,data.Diabetes,,15.8
2019,data.Diabetes,data.Male,16.1
2019,data.Diabetes,data.Female,15.5
2019,data.Cardiovascular_diseases,,0.4
2019,data.Cardiovascular_diseases,data.Male,0.2
2019,data.Cardiovascular_diseases,data.Female,0.6
2019,data.Chronic_respiratory_diseases,,71.4
2019,data.Chronic_respiratory_diseases,data.Male,80.1
2019,data.Chronic_respiratory_diseases,data.Female,62.7
