Year,data.Device_type,data.Sex,data.Age,Value
2018,data.Smartphone,,,91.0
2018,data.Smartphone,data.Male,,93.4
2018,data.Smartphone,data.Female,,88.6
2018,data.Smartphone,,6-10,95.5
2018,data.Smartphone,,20-29,99.9
2018,data.Smartphone,,30-39,99.9
2018,data.Smartphone,,40-49,99.7
2018,data.Smartphone,,50-59,98.4
2018,data.Smartphone,,60-69,87.5
2018,data.Smartphone,,70+,36.3
2019,data.Smartphone,,,92.2
2019,data.Smartphone,data.Male,,94.4
2019,data.Smartphone,data.Female,,90.0
2019,data.Smartphone,,6-10,96.6
2019,data.Smartphone,,20-29,99.9
2019,data.Smartphone,,30-39,99.9
2019,data.Smartphone,,40-49,99.9
2019,data.Smartphone,,50-59,99.8
2019,data.Smartphone,,60-69,92.0
2019,data.Smartphone,,70+,40.2
