﻿Year,data.category,Value
2000,data.Industries,64.55
2001,data.Industries,60.89
2002,data.Industries,61.37
2003,data.Industries,63.91
2004,data.Industries,71.24
2005,data.Industries,73.13
2006,data.Industries,75.5
2007,data.Industries,79.96
2008,data.Industries,81.73
2009,data.Industries,82.53
2010,data.Industries,91.18
2011,data.Industries,96.23
2012,data.Industries,97.33
2013,data.Industries,100.87
2014,data.Industries,101.9
2015,data.Industries,104.19
2016,data.Industries,107.67
2017,data.Industries,113.99
2018,data.Industries,115.55
2019,data.Industries,113.6
2019,data.Agriculture(ISIC4_A01_A0210_A0322),1.49
2018,data.Agriculture(ISIC4_A01_A0210_A0322),1.62
2016,data.Agriculture(ISIC4_A01_A0210_A0322),1.53
2017,data.Agriculture(ISIC4_A01_A0210_A0322),1.59
2012,data.Agriculture(ISIC4_A01_A0210_A0322),1.54
2013,data.Agriculture(ISIC4_A01_A0210_A0322),1.54
2014,data.Agriculture(ISIC4_A01_A0210_A0322),1.57
2015,data.Agriculture(ISIC4_A01_A0210_A0322),1.58
2010,data.Agriculture(ISIC4_A01_A0210_A0322),1.43
2011,data.Agriculture(ISIC4_A01_A0210_A0322),1.54
2008,data.Agriculture(ISIC4_A01_A0210_A0322),1.3
2009,data.Agriculture(ISIC4_A01_A0210_A0322),1.39
2004,data.Agriculture(ISIC4_A01_A0210_A0322),1.39
2005,data.Agriculture(ISIC4_A01_A0210_A0322),1.32
2006,data.Agriculture(ISIC4_A01_A0210_A0322),1.37
2007,data.Agriculture(ISIC4_A01_A0210_A0322),1.34
2002,data.Agriculture(ISIC4_A01_A0210_A0322),1.28
2003,data.Agriculture(ISIC4_A01_A0210_A0322),1.28
2000,data.Agriculture(ISIC4_A01_A0210_A0322),1.26
2001,data.Agriculture(ISIC4_A01_A0210_A0322),1.28
2000,data.Services(ISIC4_G_to_T),74.13
2002,data.Services(ISIC4_G_to_T),58.82
2001,data.Services(ISIC4_G_to_T),64.5
2003,data.Services(ISIC4_G_to_T),65.23
2004,data.Services(ISIC4_G_to_T),72.51
2006,data.Services(ISIC4_G_to_T),87.9
2005,data.Services(ISIC4_G_to_T),82.83
2007,data.Services(ISIC4_G_to_T),92.91
2008,data.Services(ISIC4_G_to_T),95.82
2009,data.Services(ISIC4_G_to_T),96.26
2011,data.Services(ISIC4_G_to_T),102.71
2010,data.Services(ISIC4_G_to_T),100.15
2014,data.Services(ISIC4_G_to_T),113.14
2012,data.Services(ISIC4_G_to_T),105.52
2016,data.Services(ISIC4_G_to_T),130.96
2013,data.Services(ISIC4_G_to_T),108.81
2015,data.Services(ISIC4_G_to_T),129.97
2017,data.Services(ISIC4_G_to_T),133.05
2018,data.Services(ISIC4_G_to_T),137.47
2019,data.Services(ISIC4_G_to_T),144.52
2019,data.Total(no_breakdown),55.15
2018,data.Total(no_breakdown),53.81
2016,data.Total(no_breakdown),50.86
2017,data.Total(no_breakdown),52.45
2015,data.Total(no_breakdown),49.71
2013,data.Total(no_breakdown),42.72
2012,data.Total(no_breakdown),41.45
2014,data.Total(no_breakdown),44.12
2010,data.Total(no_breakdown),39.04
2011,data.Total(no_breakdown),40.54
2008,data.Total(no_breakdown),36.36
2009,data.Total(no_breakdown),36.79
2006,data.Total(no_breakdown),33.59
2007,data.Total(no_breakdown),35.44
2005,data.Total(no_breakdown),29.93
2004,data.Total(no_breakdown),30.1
2003,data.Total(no_breakdown),27.89
2002,data.Total(no_breakdown),26.3
2000,data.Total(no_breakdown),26.54
2001,data.Total(no_breakdown),26.04
