﻿Year,구분,Value
2008,국민기초생활보장 수급률,3.1
2009,국민기초생활보장 수급률,3.2
2010,국민기초생활보장 수급률,3.1
2011,국민기초생활보장 수급률,2.9
2012,국민기초생활보장 수급률,2.7
2013,국민기초생활보장 수급률,2.6
2014,국민기초생활보장 수급률,2.6
2015,국민기초생활보장 수급률,3.2
2016,국민기초생활보장 수급률,3.2
2017,국민기초생활보장 수급률,3.1
2018,국민기초생활보장 수급률,3.4
2019,국민기초생활보장 수급률,3.6
2020,국민기초생활보장 수급률,4.1
2021,국민기초생활보장 수급률,4.6
2008,기초(노령)연금 수급률,57.2
2009,기초(노령)연금 수급률,68.9
2010,기초(노령)연금 수급률,67.7
2011,기초(노령)연금 수급률,67.0
2012,기초(노령)연금 수급률,65.8
2013,기초(노령)연금 수급률,65.0
2014,기초(노령)연금 수급률,66.8
2015,기초(노령)연금 수급률,66.4
2016,기초(노령)연금 수급률,65.5
2017,기초(노령)연금 수급률,66.3
2018,기초(노령)연금 수급률,66.6
2019,기초(노령)연금 수급률,66.2
2020,기초(노령)연금 수급률,66.3
