﻿Year,구분,Value
2002,기초 식수 서비스,99
2003,기초 식수 서비스,99
2004,기초 식수 서비스,99
2005,기초 식수 서비스,99
2006,기초 식수 서비스,99
2007,기초 식수 서비스,99
2008,기초 식수 서비스,99
2009,기초 식수 서비스,99
2010,기초 식수 서비스,99
2011,기초 식수 서비스,99
2012,기초 식수 서비스,99
2013,기초 식수 서비스,99
2014,기초 식수 서비스,99
2015,기초 식수 서비스,99
2016,기초 식수 서비스,100
2017,기초 식수 서비스,100
2018,기초 식수 서비스,100
2019,기초 식수 서비스,100
2020,기초 식수 서비스,100
2000,기초 위생 서비스,100
2001,기초 위생 서비스,100
2002,기초 위생 서비스,100
2003,기초 위생 서비스,100
2004,기초 위생 서비스,100
2005,기초 위생 서비스,100
2006,기초 위생 서비스,100
2007,기초 위생 서비스,100
2008,기초 위생 서비스,100
2009,기초 위생 서비스,100
2010,기초 위생 서비스,100
2011,기초 위생 서비스,100
2012,기초 위생 서비스,100
2013,기초 위생 서비스,100
2014,기초 위생 서비스,100
2015,기초 위생 서비스,100
2016,기초 위생 서비스,100
2017,기초 위생 서비스,100
2018,기초 위생 서비스,100
2019,기초 위생 서비스,100
2020,기초 위생 서비스,100
