Year,이유별,Value
2019,01_남자 또는 여자라는 이유로,13.9
2019,02_나이가 많거나 적다는 이유로,13.6
2019,03_직업이나 소득 등 경제적 지위를 이유로,10.3
2019,04_비정규직 등 고용형태를 이유로,7.8
2019,05_학력이나 학벌을 이유로,7.7
2019,"06_키, 몸무게, 용모 등 신체조건을 이유로",6.6
2019,07_사상 또는 정치적인 입장의 차이로,4.1
2019,"08_미혼(비혼), 이혼, 사별 등 혼인상황을 이유로",3.3
2019,09_출신지역을 이유로,2.7
2019,10_임신 또는 출산을 했다는 이유로,2.6
2019,11_질병 및 병력을 가지고 있다는 이유로,2.3
2019,12_종교를 이유로,2.2
2019,13_장애를 이유로,1.7
2019,"14_인종, 피부색, 출신국가, 출신민족을 이유로",1.4
2019,"15_한부모, 미혼(비혼) 모/부 등 가족상황을 이유로",1.2
