﻿Year,Units,Value
2021,나고야의정서 채택국가,1
2022,나고야의정서 채택국가,1
2012,식량농업식물 유전자원을 국가에 이전하는 표준물질이전협정(SMTAs)의 총 보고 건수,106
2013,식량농업식물 유전자원을 국가에 이전하는 표준물질이전협정(SMTAs)의 총 보고 건수,132
2014,식량농업식물 유전자원을 국가에 이전하는 표준물질이전협정(SMTAs)의 총 보고 건수,158
2015,식량농업식물 유전자원을 국가에 이전하는 표준물질이전협정(SMTAs)의 총 보고 건수,191
2016,식량농업식물 유전자원을 국가에 이전하는 표준물질이전협정(SMTAs)의 총 보고 건수,223
2017,식량농업식물 유전자원을 국가에 이전하는 표준물질이전협정(SMTAs)의 총 보고 건수,254
2018,식량농업식물 유전자원을 국가에 이전하는 표준물질이전협정(SMTAs)의 총 보고 건수,267
2019,식량농업식물 유전자원을 국가에 이전하는 표준물질이전협정(SMTAs)의 총 보고 건수,290
2020,식량농업식물 유전자원을 국가에 이전하는 표준물질이전협정(SMTAs)의 총 보고 건수,304
2021,식량농업식물 유전자원을 국가에 이전하는 표준물질이전협정(SMTAs)의 총 보고 건수,315
2022,식량농업식물 유전자원을 국가에 이전하는 표준물질이전협정(SMTAs)의 총 보고 건수,326
