﻿Year,Units,Value
2010,법 규정 법률구비여부,1
2016,법 규정 법률구비여부,1
2020,법 규정 법률구비여부,1
2022,법 규정 법률구비여부,1
2016,아이치생물다양성 목표9 연계목표,1
2020,아이치생물다양성 목표9 연계목표,1
2022,아이치생물다양성 목표9 연계목표,1
2020,법 규정 법률구비여부,1
2022,법 규정 법률구비여부,1
2020,아이치생물다양성 목표9 연계목표,0
2022,아이치생물다양성 목표9 연계목표,0
