﻿Year,Time serieses,유형별,Value
2000,특혜지위,농산품,10.24572
2005,특혜지위,농산품,11.04442
2010,특혜지위,농산품,10.60588
2011,특혜지위,농산품,6.19085
2012,특혜지위,농산품,5.5231
2013,특혜지위,농산품,5.19522
2014,특혜지위,농산품,4.88385
2015,특혜지위,농산품,4.47635
2016,특혜지위,농산품,4.06457
2017,특혜지위,농산품,3.51956
2018,특혜지위,농산품,4.03987
2019,특혜지위,농산품,3.82292
2000,특혜지위,전체 혹은 감면없음,1.98015
2005,특혜지위,전체 혹은 감면없음,1.84785
2010,특혜지위,전체 혹은 감면없음,1.5983
2011,특혜지위,전체 혹은 감면없음,1.1392
2012,특혜지위,전체 혹은 감면없음,1.1529
2013,특혜지위,전체 혹은 감면없음,0.6988
2014,특혜지위,전체 혹은 감면없음,0.58898
2015,특혜지위,전체 혹은 감면없음,0.53009
2016,특혜지위,전체 혹은 감면없음,0.16647
2017,특혜지위,전체 혹은 감면없음,0.18639
2018,특혜지위,전체 혹은 감면없음,0.12896
2019,특혜지위,전체 혹은 감면없음,0.13903
2000,특혜지위,무기,1.04129
2005,특혜지위,무기,0.96376
2010,특혜지위,무기,0.96139
2011,특혜지위,무기,0.59477
2012,특혜지위,무기,0.63105
2013,특혜지위,무기,0.28081
2014,특혜지위,무기,0.28081
2015,특혜지위,무기,0.28052
2016,특혜지위,무기,0.03395
2017,특혜지위,무기,0.03326
2018,특혜지위,무기,0.03326
2019,특혜지위,무기,0.03326
2000,특혜지위,의류,13.28555
2005,특혜지위,의류,12.33657
2010,특혜지위,의류,12.52568
2011,특혜지위,의류,9.00536
2012,특혜지위,의류,9.00782
2013,특혜지위,의류,3.19203
2014,특혜지위,의류,3.00212
2015,특혜지위,의류,2.54647
2016,특혜지위,의류,2.14519
2017,특혜지위,의류,1.86969
2018,특혜지위,의류,1.77323
2019,특혜지위,의류,1.67627
2000,특혜지위,공산품,1.87223
2005,특혜지위,공산품,1.74735
2010,특혜지위,공산품,1.49463
2011,특혜지위,공산품,1.06726
2012,특혜지위,공산품,1.08191
2013,특혜지위,공산품,0.67177
2014,특혜지위,공산품,0.5631
2015,특혜지위,공산품,0.50801
2016,특혜지위,공산품,0.14473
2017,특혜지위,공산품,0.16786
2018,특혜지위,공산품,0.11002
2019,특혜지위,공산품,0.10121
2000,특혜지위,기름,0.29983
2005,특혜지위,기름,0.16938
2010,특혜지위,기름,0.0
2011,특혜지위,기름,0.0
2012,특혜지위,기름,0.0
2013,특혜지위,기름,0.0
2014,특혜지위,기름,0.0
2015,특혜지위,기름,0.0
2016,특혜지위,기름,0.0
2017,특혜지위,기름,0.0
2018,특혜지위,기름,0.0
2019,특혜지위,기름,0.0
2000,특혜지위,섬유,8.39318
2005,특혜지위,섬유,7.11916
2010,특혜지위,섬유,6.91516
2011,특혜지위,섬유,4.48744
2012,특혜지위,섬유,4.46561
2013,특혜지위,섬유,2.1636
2014,특혜지위,섬유,1.90122
2015,특혜지위,섬유,1.64344
2016,특혜지위,섬유,1.27852
2017,특혜지위,섬유,1.14223
2018,특혜지위,섬유,1.09354
2019,특혜지위,섬유,1.01648
2000,최혜국 지위,농산품,10.31922
2005,최혜국 지위,농산품,11.11541
2010,최혜국 지위,농산품,10.80633
2011,최혜국 지위,농산품,10.8298
2012,최혜국 지위,농산품,10.17327
2013,최혜국 지위,농산품,10.71739
2014,최혜국 지위,농산품,10.77018
2015,최혜국 지위,농산품,10.7474
2016,최혜국 지위,농산품,10.76111
2017,최혜국 지위,농산품,10.20863
2018,최혜국 지위,농산품,10.81967
2019,최혜국 지위,농산품,10.63948
2000,최혜국 지위,전체 혹은 감면없음,2.00656
2005,최혜국 지위,전체 혹은 감면없음,1.87166
2010,최혜국 지위,전체 혹은 감면없음,1.61574
2011,최혜국 지위,전체 혹은 감면없음,1.6129
2012,최혜국 지위,전체 혹은 감면없음,1.61055
2013,최혜국 지위,전체 혹은 감면없음,1.60474
2014,최혜국 지위,전체 혹은 감면없음,1.6071
2015,최혜국 지위,전체 혹은 감면없음,1.7313
2016,최혜국 지위,전체 혹은 감면없음,1.67528
2017,최혜국 지위,전체 혹은 감면없음,1.88355
2018,최혜국 지위,전체 혹은 감면없음,1.82196
2019,최혜국 지위,전체 혹은 감면없음,1.79684
2000,최혜국 지위,무기,1.11347
2005,최혜국 지위,무기,1.03352
2010,최혜국 지위,무기,1.03584
2011,최혜국 지위,무기,1.0217
2012,최혜국 지위,무기,1.07443
2013,최혜국 지위,무기,1.07443
2014,최혜국 지위,무기,1.07445
2015,최혜국 지위,무기,1.07445
2016,최혜국 지위,무기,1.0745
2017,최혜국 지위,무기,1.02403
2018,최혜국 지위,무기,1.07445
2019,최혜국 지위,무기,1.07446
2000,최혜국 지위,의류,13.32878
2005,최혜국 지위,의류,12.37509
2010,최혜국 지위,의류,12.62214
2011,최혜국 지위,의류,12.61458
2012,최혜국 지위,의류,12.61698
2013,최혜국 지위,의류,12.60162
2014,최혜국 지위,의류,12.63986
2015,최혜국 지위,의류,12.54273
2016,최혜국 지위,의류,12.54212
2017,최혜국 지위,의류,12.39252
2018,최혜국 지위,의류,12.53384
2019,최혜국 지위,의류,12.53477
2000,최혜국 지위,공산품,1.8984
2005,최혜국 지위,공산품,1.77099
2010,최혜국 지위,공산품,1.51117
2011,최혜국 지위,공산품,1.50841
2012,최혜국 지위,공산품,1.50683
2013,최혜국 지위,공산품,1.50045
2014,최혜국 지위,공산품,1.50251
2015,최혜국 지위,공산품,1.62873
2016,최혜국 지위,공산품,1.572
2017,최혜국 지위,공산품,1.78455
2018,최혜국 지위,공산품,1.72025
2019,최혜국 지위,공산품,1.69119
2000,최혜국 지위,기름,0.29983
2005,최혜국 지위,기름,0.16938
2010,최혜국 지위,기름,0.0
2011,최혜국 지위,기름,0.0
2012,최혜국 지위,기름,0.0
2013,최혜국 지위,기름,0.0
2014,최혜국 지위,기름,0.0
2015,최혜국 지위,기름,0.0
2016,최혜국 지위,기름,0.0
2017,최혜국 지위,기름,0.0
2018,최혜국 지위,기름,0.0
2019,최혜국 지위,기름,0.0
2000,최혜국 지위,섬유,8.44352
2005,최혜국 지위,섬유,7.14779
2010,최혜국 지위,섬유,6.9818
2011,최혜국 지위,섬유,6.94097
2012,최혜국 지위,섬유,6.91689
2013,최혜국 지위,섬유,6.91172
2014,최혜국 지위,섬유,6.89907
2015,최혜국 지위,섬유,6.94045
2016,최혜국 지위,섬유,6.9851
2017,최혜국 지위,섬유,6.85683
2018,최혜국 지위,섬유,6.98865
2019,최혜국 지위,섬유,6.99941
