﻿Year,구분,Value
2016,3세대 세팔로스포린 내성 대장균,35.33
2017,3세대 세팔로스포린 내성 대장균,32.39
2018,3세대 세팔로스포린 내성 대장균,38.63
2019,3세대 세팔로스포린 내성 대장균,37.08
2020,3세대 세팔로스포린 내성 대장균,37.66
2016,메티실린 내성 황색포도상구균,53.3
2017,메티실린 내성 황색포도상구균,53.3
2018,메티실린 내성 황색포도상구균,47.1
2019,메티실린 내성 황색포도상구균,48.61
2020,메티실린 내성 황색포도상구균,47.55
